,RK,NAME,POS,TEAM,GP,MPG,ORPM,DRPM,RPM,WINS,PLAYER PAGE
0,1,Paul George,SF,OKC,77,36.9,4.48,3.08,7.56,19.73,http://www.espn.com/nba/player/_/id/4251/paul-george
1,2,James Harden,PG,HOU,78,36.8,7.42,0.07,7.49,18.67,http://www.espn.com/nba/player/_/id/3992/james-harden
2,3,Stephen Curry,PG,GS,69,33.8,5.87,0.75,6.62,14.90,http://www.espn.com/nba/player/_/id/3975/stephen-curry
3,4,Giannis Antetokounmpo,PF,MIL,72,32.8,3.15,3.36,6.51,14.94,http://www.espn.com/nba/player/_/id/3032977/giannis-antetokounmpo
4,5,Nikola Jokic,C,DEN,80,31.3,3.78,2.63,6.41,14.80,http://www.espn.com/nba/player/_/id/3112335/nikola-jokic
5,6,Joel Embiid,C,PHI,64,33.7,2.51,3.29,5.80,12.09,http://www.espn.com/nba/player/_/id/3059318/joel-embiid
6,7,Anthony Davis,PF,NO,56,33.0,2.53,3.19,5.72,10.79,http://www.espn.com/nba/player/_/id/6583/anthony-davis
7,8,Nikola Vucevic,C,ORL,80,31.4,1.85,3.60,5.45,13.61,http://www.espn.com/nba/player/_/id/6478/nikola-vucevic
8,9,LeBron James,SF,LAL,55,35.2,3.49,1.84,5.33,10.90,http://www.espn.com/nba/player/_/id/1966/lebron-james
9,10,Damian Lillard,PG,POR,80,35.5,5.63,-0.52,5.11,14.58,http://www.espn.com/nba/player/_/id/6606/damian-lillard
10,11,Kevin Durant,SF,GS,78,34.6,4.38,0.70,5.08,14.31,http://www.espn.com/nba/player/_/id/3202/kevin-durant
11,12,Danny Green,SG,TOR,80,27.7,2.98,1.96,4.94,11.53,http://www.espn.com/nba/player/_/id/3988/danny-green
12,13,Kyle Lowry,PG,TOR,65,34.0,2.77,2.10,4.87,11.28,http://www.espn.com/nba/player/_/id/3012/kyle-lowry
13,14,Chris Paul,PG,HOU,58,32.0,2.33,2.37,4.70,9.10,http://www.espn.com/nba/player/_/id/2779/chris-paul
14,15,Rudy Gobert,C,UTAH,81,31.8,0.26,4.44,4.70,13.20,http://www.espn.com/nba/player/_/id/3032976/rudy-gobert
15,16,Jrue Holiday,PG,NO,67,35.9,3.38,1.21,4.59,12.25,http://www.espn.com/nba/player/_/id/3995/jrue-holiday
16,17,Al Horford,C,BOS,68,29.0,1.74,2.68,4.42,9.50,http://www.espn.com/nba/player/_/id/3213/al-horford
17,18,Jimmy Butler,SG,MIN/PHI,65,33.6,2.40,2.01,4.41,10.55,http://www.espn.com/nba/player/_/id/6430/jimmy-butler
18,19,Paul Millsap,PF,DEN,70,27.1,1.42,2.82,4.24,8.69,http://www.espn.com/nba/player/_/id/3015/paul-millsap
19,20,Pascal Siakam,PF,TOR,80,31.9,2.00,2.20,4.20,11.96,http://www.espn.com/nba/player/_/id/3149673/pascal-siakam
20,21,Kyrie Irving,PG,BOS,67,33.0,3.72,0.44,4.16,10.24,http://www.espn.com/nba/player/_/id/6442/kyrie-irving
21,22,Brook Lopez,C,MIL,81,28.7,0.60,3.48,4.08,11.09,http://www.espn.com/nba/player/_/id/3448/brook-lopez
22,23,Jusuf Nurkic,C,POR,72,27.4,0.80,3.26,4.06,8.92,http://www.espn.com/nba/player/_/id/3102530/jusuf-nurkic
23,24,Karl-Anthony Towns,C,MIN,77,33.1,2.99,0.83,3.82,11.30,http://www.espn.com/nba/player/_/id/3136195/karl-anthony-towns
24,25,Marc Gasol,C,TOR/MEM,79,30.8,0.87,2.94,3.81,10.36,http://www.espn.com/nba/player/_/id/3206/marc-gasol
25,26,Eric Bledsoe,PG,MIL,78,29.1,2.54,1.06,3.60,10.17,http://www.espn.com/nba/player/_/id/4238/eric-bledsoe
26,27,Danilo Gallinari,SF,LAC,68,30.3,3.49,-0.02,3.47,8.55,http://www.espn.com/nba/player/_/id/3428/danilo-gallinari
27,28,Draymond Green,PF,GS,66,31.3,-0.34,3.72,3.38,8.63,http://www.espn.com/nba/player/_/id/6589/draymond-green
28,29,Kevon Looney,C,GS,80,18.5,1.28,2.10,3.38,6.17,http://www.espn.com/nba/player/_/id/3155535/kevon-looney
29,30,Kawhi Leonard,SF,TOR,60,34.0,3.21,0.09,3.30,8.37,http://www.espn.com/nba/player/_/id/6450/kawhi-leonard
30,31,Mike Conley,PG,MEM,70,33.5,3.55,-0.45,3.10,9.15,http://www.espn.com/nba/player/_/id/3195/mike-conley
31,32,Joe Ingles,SF,UTAH,82,31.3,1.63,1.30,2.93,10.07,http://www.espn.com/nba/player/_/id/2968436/joe-ingles
32,33,Blake Griffin,PF,DET,75,35.0,2.47,0.44,2.91,9.66,http://www.espn.com/nba/player/_/id/3989/blake-griffin
33,34,Davis Bertans,SF,SA,76,21.5,2.46,0.44,2.90,6.32,http://www.espn.com/nba/player/_/id/6426/davis-bertans
34,35,Ed Davis,PF,BKN,81,17.9,-1.43,4.19,2.76,5.40,http://www.espn.com/nba/player/_/id/4259/ed-davis
35,36,Kemba Walker,PG,CHA,82,34.9,4.18,-1.47,2.71,10.60,http://www.espn.com/nba/player/_/id/6479/kemba-walker
36,37,Robert Covington,SF,MIN/PHI,35,34.4,-0.79,3.50,2.71,4.34,http://www.espn.com/nba/player/_/id/2490620/robert-covington
37,38,Patrick Beverley,PG,LAC,78,27.4,1.36,1.33,2.69,7.80,http://www.espn.com/nba/player/_/id/3964/patrick-beverley
38,39,Derrick Favors,PF,UTAH,76,23.2,-0.50,3.10,2.60,6.52,http://www.espn.com/nba/player/_/id/4257/derrick-favors
39,40,DeMarcus Cousins,C,GS,30,25.7,-0.81,3.37,2.56,2.77,http://www.espn.com/nba/player/_/id/4258/demarcus-cousins
0,41,Andre Iguodala,SG,GS,68,23.2,0.72,1.82,2.54,5.57,http://www.espn.com/nba/player/_/id/2386/andre-iguodala
1,42,Russell Westbrook,PG,OKC,73,36.0,2.57,-0.07,2.50,9.75,http://www.espn.com/nba/player/_/id/3468/russell-westbrook
2,43,Andre Drummond,C,DET,79,33.5,0.55,1.81,2.36,8.79,http://www.espn.com/nba/player/_/id/6585/andre-drummond
3,44,Rudy Gay,SF,SA,69,26.7,0.49,1.78,2.27,6.27,http://www.espn.com/nba/player/_/id/3005/rudy-gay
4,45,Dwight Powell,PF,DAL,77,21.6,2.22,0.03,2.25,5.63,http://www.espn.com/nba/player/_/id/2531367/dwight-powell
5,46,Marcus Smart,PG,BOS,80,27.5,0.97,1.28,2.25,7.43,http://www.espn.com/nba/player/_/id/2990992/marcus-smart
6,47,Victor Oladipo,SG,IND,36,31.9,0.92,1.29,2.21,3.73,http://www.espn.com/nba/player/_/id/2527963/victor-oladipo
7,48,Khris Middleton,SF,MIL,77,31.1,1.79,0.31,2.10,8.24,http://www.espn.com/nba/player/_/id/6609/khris-middleton
8,49,George Hill,PG,CLE/MIL,60,21.7,0.14,1.95,2.09,4.29,http://www.espn.com/nba/player/_/id/3438/george-hill
9,50,Kelly Olynyk,PF,MIA,79,22.9,0.72,1.35,2.07,5.90,http://www.espn.com/nba/player/_/id/2489663/kelly-olynyk
10,51,Justise Winslow,SF,MIA,66,29.7,0.17,1.88,2.05,6.28,http://www.espn.com/nba/player/_/id/3135047/justise-winslow
11,52,Derrick White,PG,SA,67,25.8,0.53,1.48,2.01,5.63,http://www.espn.com/nba/player/_/id/3078576/derrick-white
12,53,Donovan Mitchell,SG,UTAH,77,33.7,1.71,0.30,2.01,8.68,http://www.espn.com/nba/player/_/id/3908809/donovan-mitchell
13,54,Thaddeus Young,PF,IND,81,30.7,0.56,1.31,1.87,7.68,http://www.espn.com/nba/player/_/id/3244/thaddeus-young
14,55,Al-Farouq Aminu,PF,POR,81,28.3,0.35,1.51,1.86,7.10,http://www.espn.com/nba/player/_/id/4248/al-farouq-aminu
15,56,Monte Morris,PG,DEN,82,24.0,1.76,0.09,1.85,5.97,http://www.espn.com/nba/player/_/id/3059310/monte-morris
16,57,Clint Capela,C,HOU,67,33.6,-0.14,1.98,1.84,6.80,http://www.espn.com/nba/player/_/id/3102529/clint-capela
17,58,Steven Adams,C,OKC,80,33.4,-0.31,2.12,1.81,8.64,http://www.espn.com/nba/player/_/id/2991235/steven-adams
18,59,Nemanja Bjelica,PF,SAC,77,23.2,0.70,1.10,1.80,5.83,http://www.espn.com/nba/player/_/id/4269/nemanja-bjelica
19,60,Josh Richardson,SG,MIA,73,34.8,1.45,0.34,1.79,7.80,http://www.espn.com/nba/player/_/id/2581190/josh-richardson
20,61,Willie Cauley-Stein,C,SAC,81,27.3,-0.76,2.55,1.79,7.21,http://www.espn.com/nba/player/_/id/2991282/willie-cauley-stein
21,62,Ben Simmons,PG,PHI,79,34.2,1.30,0.49,1.79,8.56,http://www.espn.com/nba/player/_/id/3907387/ben-simmons
22,63,De'Aaron Fox,PG,SAC,81,31.4,1.28,0.47,1.75,8.36,http://www.espn.com/nba/player/_/id/4066259/de'aaron-fox
23,64,Daniel Theis,PF,BOS,66,13.8,-0.10,1.84,1.74,2.74,http://www.espn.com/nba/player/_/id/2451037/daniel-theis
24,65,DeAndre Jordan,C,DAL/NY,69,29.7,-1.49,3.15,1.66,6.24,http://www.espn.com/nba/player/_/id/3442/deandre-jordan
25,66,Nikola Mirotic,PF,NO/MIL,46,27.1,0.64,1.01,1.65,3.98,http://www.espn.com/nba/player/_/id/6459/nikola-mirotic
26,67,Hassan Whiteside,C,MIA,72,23.3,-2.06,3.67,1.61,4.96,http://www.espn.com/nba/player/_/id/4262/hassan-whiteside
27,68,Myles Turner,C,IND,74,28.6,-1.87,3.43,1.56,6.18,http://www.espn.com/nba/player/_/id/3133628/myles-turner
28,69,Dewayne Dedmon,C,ATL,64,25.1,-0.45,1.99,1.54,4.86,http://www.espn.com/nba/player/_/id/2580913/dewayne-dedmon
29,70,Jeremy Lamb,SG,CHA,79,28.5,1.06,0.47,1.53,6.61,http://www.espn.com/nba/player/_/id/6603/jeremy-lamb
30,71,Tobias Harris,SF,LAC/PHI,82,34.7,1.36,0.16,1.52,8.48,http://www.espn.com/nba/player/_/id/6440/tobias-harris
31,72,LaMarcus Aldridge,C,SA,81,33.2,0.35,1.16,1.51,7.81,http://www.espn.com/nba/player/_/id/2983/lamarcus-aldridge
32,73,Thabo Sefolosha,SF,UTAH,50,12.2,-0.83,2.33,1.50,1.89,http://www.espn.com/nba/player/_/id/3028/thabo-sefolosha
33,74,D'Angelo Russell,PG,BKN,81,30.2,2.11,-0.61,1.50,7.27,http://www.espn.com/nba/player/_/id/3136776/d'angelo-russell
34,75,Domantas Sabonis,PF,IND,74,24.8,0.56,0.94,1.50,5.26,http://www.espn.com/nba/player/_/id/3155942/domantas-sabonis
35,76,Maxi Kleber,PF,DAL,71,21.2,-0.56,2.05,1.49,4.42,http://www.espn.com/nba/player/_/id/2960236/maxi-kleber
36,77,Bradley Beal,SG,WSH,82,36.9,3.21,-1.74,1.47,8.76,http://www.espn.com/nba/player/_/id/6580/bradley-beal
37,78,Malcolm Brogdon,PG,MIL,64,28.6,1.76,-0.33,1.43,5.41,http://www.espn.com/nba/player/_/id/2566769/malcolm-brogdon
38,79,Jayson Tatum,SF,BOS,79,31.1,0.18,1.25,1.43,6.99,http://www.espn.com/nba/player/_/id/4065648/jayson-tatum
39,80,Bam Adebayo,C,MIA,82,23.3,-1.09,2.46,1.37,5.32,http://www.espn.com/nba/player/_/id/4066261/bam-adebayo
0,81,Ricky Rubio,PG,UTAH,68,27.9,0.36,1.00,1.36,5.57,http://www.espn.com/nba/player/_/id/4011/ricky-rubio
1,82,Ersan Ilyasova,PF,MIL,67,18.4,-0.51,1.86,1.35,3.67,http://www.espn.com/nba/player/_/id/2767/ersan-ilyasova
2,83,JJ Redick,SG,PHI,76,31.3,1.77,-0.42,1.35,6.90,http://www.espn.com/nba/player/_/id/3024/jj-redick
3,84,Kevin Love,PF,CLE,22,27.2,-0.15,1.49,1.34,1.73,http://www.espn.com/nba/player/_/id/3449/kevin-love
4,85,Luke Kornet,PF,NY,46,17.0,-0.87,2.19,1.32,2.20,http://www.espn.com/nba/player/_/id/3064560/luke-kornet
5,86,Fred VanVleet,PG,TOR,64,27.5,1.11,0.19,1.30,4.93,http://www.espn.com/nba/player/_/id/2991230/fred-vanvleet
6,87,Mike Muscala,PF,LAL/PHI,64,20.4,-0.67,1.95,1.28,3.57,http://www.espn.com/nba/player/_/id/2490089/mike-muscala
7,88,Luka Doncic,SF,DAL,72,32.2,2.34,-1.07,1.27,6.53,http://www.espn.com/nba/player/_/id/3945274/luka-doncic
8,89,Otto Porter Jr.,SF,CHI/WSH,56,30.1,1.05,0.19,1.24,4.59,http://www.espn.com/nba/player/_/id/2594922/otto-porter-jr.
9,90,Boban Marjanovic,C,LAC/PHI,58,11.7,-0.63,1.85,1.22,1.93,http://www.espn.com/nba/player/_/id/4376/boban-marjanovic
10,91,Jamal Murray,PG,DEN,75,32.6,2.41,-1.19,1.22,6.63,http://www.espn.com/nba/player/_/id/3936299/jamal-murray
11,92,Delon Wright,PG,TOR/MEM,75,22.7,0.98,0.21,1.19,4.53,http://www.espn.com/nba/player/_/id/3064447/delon-wright
12,93,Mason Plumlee,PF,DEN,82,21.1,-0.46,1.63,1.17,4.58,http://www.espn.com/nba/player/_/id/2488653/mason-plumlee
13,94,D.J. Augustin,PG,ORL,81,28.0,2.02,-0.86,1.16,6.11,http://www.espn.com/nba/player/_/id/3415/d.j.-augustin
14,95,Nene Hilario,C,HOU,42,13.0,-1.86,3.00,1.14,1.44,http://www.espn.com/nba/player/_/id/1713/nene-hilario
15,96,PJ Tucker,SF,HOU,82,34.2,-0.82,1.94,1.12,7.29,http://www.espn.com/nba/player/_/id/3033/pj-tucker
16,97,Joakim Noah,C,MEM,42,16.5,-1.79,2.91,1.12,1.86,http://www.espn.com/nba/player/_/id/3224/joakim-noah
17,98,Larry Nance Jr.,PF,CLE,67,26.8,0.13,0.98,1.11,4.79,http://www.espn.com/nba/player/_/id/2580365/larry-nance-jr.
18,99,Nerlens Noel,PF,OKC,77,13.7,-2.72,3.83,1.11,2.88,http://www.espn.com/nba/player/_/id/2991280/nerlens-noel
19,100,Tyus Jones,PG,MIN,68,22.9,0.34,0.68,1.02,4.10,http://www.espn.com/nba/player/_/id/3135046/tyus-jones
20,101,Thomas Bryant,C,WSH,72,20.8,-0.02,1.01,0.99,3.77,http://www.espn.com/nba/player/_/id/3934723/thomas-bryant
21,102,CJ McCollum,SG,POR,70,33.9,2.07,-1.09,0.98,6.09,http://www.espn.com/nba/player/_/id/2490149/cj-mccollum
22,103,Darren Collison,PG,IND,76,28.2,1.38,-0.41,0.97,5.50,http://www.espn.com/nba/player/_/id/3973/darren-collison
23,104,Danuel House Jr.,SF,HOU,39,25.1,1.21,-0.25,0.96,2.46,http://www.espn.com/nba/player/_/id/2991155/danuel-house-jr.
24,105,Jakob Poeltl,C,SA,77,16.5,-0.43,1.37,0.94,3.28,http://www.espn.com/nba/player/_/id/3134908/jakob-poeltl
25,106,Maurice Harkless,SF,POR,60,23.6,-1.03,1.94,0.91,3.55,http://www.espn.com/nba/player/_/id/6591/maurice-harkless
26,107,Cory Joseph,PG,IND,82,25.2,-0.64,1.53,0.89,5.15,http://www.espn.com/nba/player/_/id/6446/cory-joseph
27,108,Aaron Gordon,PF,ORL,78,33.8,0.07,0.80,0.87,6.52,http://www.espn.com/nba/player/_/id/3064290/aaron-gordon
28,109,Royce O'Neale,SF,UTAH,82,20.4,-1.44,2.29,0.85,4.35,http://www.espn.com/nba/player/_/id/2583632/royce-o'neale
29,110,Luol Deng,SF,MIN,22,17.8,-0.67,1.47,0.80,1.01,http://www.espn.com/nba/player/_/id/2429/luol-deng
30,111,Khem Birch,C,ORL,50,12.9,-0.65,1.42,0.77,1.55,http://www.espn.com/nba/player/_/id/2578240/khem-birch
31,112,Goran Dragic,PG,MIA,36,27.5,0.42,0.34,0.76,2.40,http://www.espn.com/nba/player/_/id/3423/goran-dragic
32,113,Noah Vonleh,PF,NY,68,25.3,-0.93,1.65,0.72,4.23,http://www.espn.com/nba/player/_/id/3078284/noah-vonleh
33,114,Jonas Valanciunas,C,TOR/MEM,49,22.3,-0.97,1.64,0.67,2.66,http://www.espn.com/nba/player/_/id/6477/jonas-valanciunas
34,115,Jerami Grant,SF,OKC,80,32.7,-0.24,0.87,0.63,6.44,http://www.espn.com/nba/player/_/id/2991070/jerami-grant
35,116,Aron Baynes,C,BOS,51,16.1,-2.03,2.65,0.62,2.02,http://www.espn.com/nba/player/_/id/2968439/aron-baynes
36,117,Devin Booker,SG,PHX,64,35.0,3.05,-2.46,0.59,5.19,http://www.espn.com/nba/player/_/id/3136193/devin-booker
37,118,Buddy Hield,SG,SAC,82,31.9,1.97,-1.42,0.55,6.40,http://www.espn.com/nba/player/_/id/2990984/buddy-hield
38,119,Jarrett Allen,C,BKN,80,26.2,-0.79,1.33,0.54,4.92,http://www.espn.com/nba/player/_/id/4066328/jarrett-allen
39,120,Eric Gordon,SG,HOU,68,31.7,1.78,-1.25,0.53,4.93,http://www.espn.com/nba/player/_/id/3431/eric-gordon
0,121,Gary Harris,SG,DEN,57,28.8,-0.59,1.11,0.52,3.75,http://www.espn.com/nba/player/_/id/2999547/gary-harris
1,122,Tomas Satoransky,SG,WSH,80,27.1,0.62,-0.12,0.50,4.90,http://www.espn.com/nba/player/_/id/6621/tomas-satoransky
2,123,Marvin Williams,PF,CHA,75,28.4,0.17,0.31,0.48,4.88,http://www.espn.com/nba/player/_/id/2797/marvin-williams
3,124,Tyson Chandler,C,LAL/PHX,55,15.9,-3.27,3.71,0.44,2.04,http://www.espn.com/nba/player/_/id/984/tyson-chandler
4,125,Gordon Hayward,SF,BOS,72,25.9,1.02,-0.60,0.42,4.17,http://www.espn.com/nba/player/_/id/4249/gordon-hayward
5,126,Montrezl Harrell,PF,LAC,82,26.3,0.89,-0.48,0.41,4.88,http://www.espn.com/nba/player/_/id/2991055/montrezl-harrell
6,127,Terrence Ross,SG,ORL,81,26.5,1.06,-0.66,0.40,4.73,http://www.espn.com/nba/player/_/id/6619/terrence-ross
7,128,Landry Shamet,PG,LAC/PHI,79,22.8,1.98,-1.59,0.39,3.93,http://www.espn.com/nba/player/_/id/3914044/landry-shamet
8,129,Brad Wanamaker,PG,BOS,36,9.5,-0.64,1.02,0.38,0.79,http://www.espn.com/nba/player/_/id/6507/brad-wanamaker
9,130,DeMar DeRozan,SG,SA,77,34.9,0.73,-0.42,0.31,5.77,http://www.espn.com/nba/player/_/id/3978/demar-derozan
10,131,Ekpe Udoh,C,UTAH,51,6.3,-1.02,1.32,0.30,0.72,http://www.espn.com/nba/player/_/id/4261/ekpe-udoh
11,132,Langston Galloway,SG,DET,80,21.8,2.40,-2.10,0.30,3.63,http://www.espn.com/nba/player/_/id/2530572/langston-galloway
12,133,Omri Casspi,F,MEM,36,14.4,-0.91,1.20,0.29,1.15,http://www.espn.com/nba/player/_/id/3554/omri-casspi
13,134,Reggie Jackson,PG,DET,82,27.9,1.34,-1.05,0.29,4.71,http://www.espn.com/nba/player/_/id/6443/reggie-jackson
14,135,Bojan Bogdanovic,SF,IND,81,31.8,1.20,-0.95,0.25,5.38,http://www.espn.com/nba/player/_/id/3593/bojan-bogdanovic
15,136,Raul Neto,PG,UTAH,37,12.8,0.29,-0.06,0.23,1.03,http://www.espn.com/nba/player/_/id/2968361/raul-neto
16,137,Pat Connaughton,SG,MIL,61,20.7,0.38,-0.22,0.16,2.71,http://www.espn.com/nba/player/_/id/2578239/pat-connaughton
17,138,Zaza Pachulia,C,DET,68,12.9,-2.97,3.12,0.15,1.74,http://www.espn.com/nba/player/_/id/2016/zaza-pachulia
18,139,Cody Zeller,C,CHA,49,25.4,-1.09,1.24,0.15,2.62,http://www.espn.com/nba/player/_/id/2579258/cody-zeller
19,140,Patty Mills,PG,SA,82,23.3,2.12,-1.98,0.14,3.99,http://www.espn.com/nba/player/_/id/4004/patty-mills
20,141,Julius Randle,C,NO,73,30.6,1.51,-1.37,0.14,4.76,http://www.espn.com/nba/player/_/id/3064514/julius-randle
21,142,Meyers Leonard,PF,POR,61,14.4,1.07,-0.95,0.12,1.68,http://www.espn.com/nba/player/_/id/6605/meyers-leonard
22,143,Alex Len,C,ATL,77,20.1,-0.69,0.79,0.10,3.33,http://www.espn.com/nba/player/_/id/2596107/alex-len
23,144,Jared Dudley,SF,BKN,59,20.7,-0.68,0.74,0.06,2.33,http://www.espn.com/nba/player/_/id/3201/jared-dudley
24,145,Ryan Arcidiacono,PG,CHI,81,24.2,0.68,-0.62,0.06,3.85,http://www.espn.com/nba/player/_/id/2991047/ryan-arcidiacono
25,146,Richaun Holmes,PF,PHX,70,16.9,-1.48,1.54,0.06,2.34,http://www.espn.com/nba/player/_/id/2993370/richaun-holmes
26,147,Alex Caruso,SG,LAL,25,21.2,-0.72,0.76,0.04,1.02,http://www.espn.com/nba/player/_/id/2991350/alex-caruso
27,148,Ryan Broekhoff,SG,DAL,42,10.8,-0.20,0.23,0.03,0.89,http://www.espn.com/nba/player/_/id/2489693/ryan-broekhoff
28,149,Lauri Markkanen,PF,CHI,52,32.3,0.29,-0.26,0.03,3.25,http://www.espn.com/nba/player/_/id/4066336/lauri-markkanen
29,150,Bogdan Bogdanovic,SG,SAC,70,27.8,0.88,-0.86,0.02,3.97,http://www.espn.com/nba/player/_/id/3037789/bogdan-bogdanovic
30,151,Pau Gasol,C,MIL/SA,30,12.0,-2.37,2.38,0.01,0.69,http://www.espn.com/nba/player/_/id/996/pau-gasol
31,152,Frank Kaminsky,PF,CHA,47,16.1,-0.17,0.18,0.01,1.51,http://www.espn.com/nba/player/_/id/2579294/frank-kaminsky
32,153,Kyle Kuzma,PF,LAL,70,33.1,0.77,-0.76,0.01,4.79,http://www.espn.com/nba/player/_/id/3134907/kyle-kuzma
33,154,Mitchell Robinson,C,NY,66,20.6,-0.98,0.98,0.00,2.62,http://www.espn.com/nba/player/_/id/4351852/mitchell-robinson
34,155,Tyler Zeller,C,ATL/MEM,6,15.5,-1.67,1.62,-0.05,0.18,http://www.espn.com/nba/player/_/id/6631/tyler-zeller
35,156,Nicolas Batum,SF,CHA,75,31.4,-0.11,0.05,-0.06,4.59,http://www.espn.com/nba/player/_/id/3416/nicolas-batum
36,157,Josh Hart,SG,LAL,67,25.6,-1.78,1.72,-0.06,3.51,http://www.espn.com/nba/player/_/id/3062679/josh-hart
37,158,Lou Williams,SG,LAC,75,26.6,3.45,-3.54,-0.09,3.85,http://www.espn.com/nba/player/_/id/2799/lou-williams
38,159,Taj Gibson,PF,MIN,70,24.1,-0.42,0.31,-0.11,3.25,http://www.espn.com/nba/player/_/id/3986/taj-gibson
39,160,Joe Harris,SF,BKN,76,30.2,1.54,-1.69,-0.15,4.35,http://www.espn.com/nba/player/_/id/2528794/joe-harris
0,161,John Collins,PF,ATL,61,30.0,1.44,-1.59,-0.15,3.63,http://www.espn.com/nba/player/_/id/3908845/john-collins
1,162,Eric Moreland,PF,PHX/TOR,5,8.6,-1.71,1.54,-0.17,0.01,http://www.espn.com/nba/player/_/id/2531352/eric-moreland
2,163,Kenneth Faried,PF,HOU/BKN,37,19.7,-0.66,0.47,-0.19,1.39,http://www.espn.com/nba/player/_/id/6433/kenneth-faried
3,164,Corey Brewer,SG,PHI/SAC,31,15.9,-1.60,1.40,-0.20,0.92,http://www.espn.com/nba/player/_/id/3191/corey-brewer
4,165,Salah Mejri,C,DAL,36,11.1,-1.83,1.61,-0.22,0.72,http://www.espn.com/nba/player/_/id/2968458/salah-mejri
5,166,Harrison Barnes,SF,DAL/SAC,77,32.9,-0.17,-0.06,-0.23,4.79,http://www.espn.com/nba/player/_/id/6578/harrison-barnes
6,167,Shabazz Napier,PG,BKN,56,17.6,0.55,-0.78,-0.23,1.81,http://www.espn.com/nba/player/_/id/2530780/shabazz-napier
7,168,Jonas Jerebko,PF,GS,73,16.7,0.23,-0.49,-0.26,2.20,http://www.espn.com/nba/player/_/id/3998/jonas-jerebko
8,169,Seth Curry,SG,POR,74,18.9,0.31,-0.57,-0.26,2.40,http://www.espn.com/nba/player/_/id/2326307/seth-curry
9,170,Jaren Jackson Jr.,PF,MEM,58,26.1,-2.35,2.09,-0.26,2.68,http://www.espn.com/nba/player/_/id/4277961/jaren-jackson-jr.
10,171,Ivica Zubac,C,LAC/LAL,59,17.6,-2.54,2.26,-0.28,1.85,http://www.espn.com/nba/player/_/id/4017837/ivica-zubac
11,172,Deandre Ayton,C,PHX,71,30.7,-1.23,0.94,-0.29,3.82,http://www.espn.com/nba/player/_/id/4278129/deandre-ayton
12,173,John Henson,F,MIL,14,13.4,-1.58,1.27,-0.31,0.36,http://www.espn.com/nba/player/_/id/6592/john-henson
13,174,Lonzo Ball,PG,LAL,47,30.3,-1.61,1.29,-0.32,2.67,http://www.espn.com/nba/player/_/id/4066421/lonzo-ball
14,175,Kyle Anderson,SF,MEM,43,29.8,-2.69,2.36,-0.33,2.21,http://www.espn.com/nba/player/_/id/2993874/kyle-anderson
15,176,Thomas Welsh,C,DEN,11,3.3,-1.64,1.30,-0.34,0.06,http://www.espn.com/nba/player/_/id/3155536/thomas-welsh
16,177,Jae Crowder,PF,UTAH,80,27.1,0.80,-1.16,-0.36,3.89,http://www.espn.com/nba/player/_/id/6581/jae-crowder
17,178,Alan Williams,PF,BKN,5,5.2,-1.66,1.28,-0.38,0.05,http://www.espn.com/nba/player/_/id/2579326/alan-williams
18,179,Klay Thompson,SG,GS,78,34.0,1.42,-1.81,-0.39,4.60,http://www.espn.com/nba/player/_/id/6475/klay-thompson
19,180,David Nwaba,SG,CLE,51,19.3,-0.94,0.55,-0.39,1.64,http://www.espn.com/nba/player/_/id/3062744/david-nwaba
20,181,Trey Burke,PG,DAL/NY,58,19.4,0.95,-1.35,-0.40,1.92,http://www.espn.com/nba/player/_/id/2579260/trey-burke
21,182,Jonathan Isaac,PF,ORL,75,26.6,-1.54,1.13,-0.41,3.49,http://www.espn.com/nba/player/_/id/4065654/jonathan-isaac
22,183,Kevin Huerter,SG,ATL,75,27.3,0.15,-0.58,-0.43,3.70,http://www.espn.com/nba/player/_/id/4066372/kevin-huerter
23,184,Cheick Diallo,PF,NO,64,14.0,-1.55,1.07,-0.48,1.52,http://www.espn.com/nba/player/_/id/3919335/cheick-diallo
24,185,Zach LaVine,PG,CHI,63,34.5,1.41,-1.90,-0.49,3.57,http://www.espn.com/nba/player/_/id/3064440/zach-lavine
25,186,Angel Delgado,C,LAC,2,7.5,-2.14,1.64,-0.50,0.03,http://www.espn.com/nba/player/_/id/3136479/angel-delgado
26,187,Darius Miller,SF,NO,69,25.5,0.23,-0.76,-0.53,2.91,http://www.espn.com/nba/player/_/id/6610/darius-miller
27,188,Zach Collins,PF,POR,77,17.6,-1.45,0.91,-0.54,2.10,http://www.espn.com/nba/player/_/id/4066650/zach-collins
28,189,Luc Mbah a Moute,PF,LAC,4,15.3,-2.12,1.57,-0.55,0.11,http://www.espn.com/nba/player/_/id/3451/luc-mbah-a-moute
29,190,Wesley Matthews,SG,DAL/IND/NY,69,30.3,-0.05,-0.50,-0.55,3.43,http://www.espn.com/nba/player/_/id/4032/wesley-matthews
30,191,Damian Jones,C,GS,24,17.1,-1.43,0.88,-0.55,0.66,http://www.espn.com/nba/player/_/id/3064559/damian-jones
31,192,Tyler Davis,C,OKC,1,1.0,-1.67,1.12,-0.55,0.00,http://www.espn.com/nba/player/_/id/3947078/tyler-davis
32,193,Caris LeVert,SG,BKN,40,26.6,-0.07,-0.49,-0.56,1.69,http://www.espn.com/nba/player/_/id/2991043/caris-levert
33,194,Rodney Hood,SG,CLE/POR,72,26.3,-0.23,-0.35,-0.58,3.02,http://www.espn.com/nba/player/_/id/2581177/rodney-hood
34,195,Garrett Temple,SG,LAC/MEM,75,27.2,-1.51,0.91,-0.60,3.18,http://www.espn.com/nba/player/_/id/4023/garrett-temple
35,196,Jarell Martin,PF,ORL,42,7.8,-1.99,1.39,-0.60,0.54,http://www.espn.com/nba/player/_/id/3064517/jarell-martin
36,197,Johnathan Williams,PF,LAL,24,15.5,-1.26,0.65,-0.61,0.57,http://www.espn.com/nba/player/_/id/3064528/johnathan-williams
37,198,Mikal Bridges,SF,PHX,82,29.5,-0.04,-0.58,-0.62,3.75,http://www.espn.com/nba/player/_/id/3147657/mikal-bridges
38,199,DeMarre Carroll,SF,BKN,67,25.4,-0.10,-0.56,-0.66,2.70,http://www.espn.com/nba/player/_/id/3970/demarre-carroll
39,200,Christian Wood,PF,NO/MIL,21,12.0,-1.23,0.57,-0.66,0.35,http://www.espn.com/nba/player/_/id/3058254/christian-wood
0,201,J.J. Barea,PG,DAL,38,19.8,-0.26,-0.42,-0.68,1.19,http://www.espn.com/nba/player/_/id/3055/j.j.-barea
1,202,Serge Ibaka,C,TOR,74,27.2,-1.17,0.47,-0.70,3.11,http://www.espn.com/nba/player/_/id/3439/serge-ibaka
2,203,Amile Jefferson,PF,ORL,12,5.7,-1.37,0.66,-0.71,0.10,http://www.espn.com/nba/player/_/id/2982249/amile-jefferson
3,204,Henry Ellenson,PF,DET/NY,19,13.6,-1.77,1.05,-0.72,0.03,http://www.espn.com/nba/player/_/id/3906522/henry-ellenson
4,205,Ian Mahinmi,C,WSH,34,14.6,-3.11,2.36,-0.75,0.71,http://www.espn.com/nba/player/_/id/2774/ian-mahinmi
5,206,Justin Jackson,SF,DAL/SAC,81,19.9,0.20,-0.95,-0.75,2.52,http://www.espn.com/nba/player/_/id/3138156/justin-jackson
6,207,Donatas Motiejunas,PF,SA,3,4.3,-2.26,1.50,-0.76,0.02,http://www.espn.com/nba/player/_/id/6464/donatas-motiejunas
7,208,Justin Patton,C,PHI,3,7.0,-2.00,1.24,-0.76,0.03,http://www.espn.com/nba/player/_/id/3912332/justin-patton
8,209,Dwight Howard,C,WSH,9,25.6,-2.26,1.48,-0.78,0.32,http://www.espn.com/nba/player/_/id/2384/dwight-howard
9,210,Juan Hernangomez,PF,DEN,70,19.4,-0.98,0.20,-0.78,1.91,http://www.espn.com/nba/player/_/id/4017839/juan-hernangomez
10,211,Jeff Teague,PG,MIN,42,30.1,0.00,-0.79,-0.79,1.90,http://www.espn.com/nba/player/_/id/4015/jeff-teague
11,212,Evan Fournier,SG,ORL,81,31.5,0.64,-1.43,-0.79,3.73,http://www.espn.com/nba/player/_/id/6588/evan-fournier
12,213,Jeff Green,SF,WSH,77,27.2,0.36,-1.19,-0.83,3.00,http://www.espn.com/nba/player/_/id/3209/jeff-green
13,214,Kentavious Caldwell-Pope,SG,LAL,82,24.8,1.37,-2.20,-0.83,3.01,http://www.espn.com/nba/player/_/id/2581018/kentavious-caldwell-pope
14,215,Marcus Morris,PF,BOS,75,27.9,0.31,-1.16,-0.85,3.06,http://www.espn.com/nba/player/_/id/6462/marcus-morris
15,216,Tyreke Evans,SG,IND,69,20.3,-1.12,0.23,-0.89,1.95,http://www.espn.com/nba/player/_/id/3983/tyreke-evans
16,217,Quincy Acy,F,PHX,10,12.3,-1.97,1.08,-0.89,0.14,http://www.espn.com/nba/player/_/id/6576/quincy-acy
17,218,Deyonta Davis,C,ATL,9,13.1,-2.06,1.14,-0.92,0.18,http://www.espn.com/nba/player/_/id/3937101/deyonta-davis
18,219,Bryn Forbes,SG,SA,82,28.0,0.81,-1.77,-0.96,3.10,http://www.espn.com/nba/player/_/id/2994526/bryn-forbes
19,220,Kostas Antetokounmpo,PF,DAL,2,5.5,-2.09,1.13,-0.96,0.02,http://www.espn.com/nba/player/_/id/4066490/kostas-antetokounmpo
20,221,Zhou Qi,C,HOU,1,1.0,-1.87,0.90,-0.97,0.00,http://www.espn.com/nba/player/_/id/3892894/zhou-qi
21,222,Kyle Korver,SG,CLE/UTAH,70,19.1,-0.37,-0.61,-0.98,1.89,http://www.espn.com/nba/player/_/id/2011/kyle-korver
22,223,Michael Kidd-Gilchrist,SF,CHA,64,18.4,-2.04,1.06,-0.98,1.59,http://www.espn.com/nba/player/_/id/6601/michael-kidd-gilchrist
23,224,T.J. Warren,SF,PHX,43,31.6,-0.23,-0.75,-0.98,1.87,http://www.espn.com/nba/player/_/id/2982334/t.j.-warren
24,225,Terry Rozier,PG,BOS,79,22.7,-0.90,-0.08,-0.98,2.43,http://www.espn.com/nba/player/_/id/3074752/terry-rozier
25,226,Ray Spalding,PF,DAL/PHX,14,10.6,-1.98,1.00,-0.98,0.00,http://www.espn.com/nba/player/_/id/3908806/ray-spalding
26,227,Wayne Ellington,SG,DET/MIA,53,24.5,-0.80,-0.20,-1.00,0.67,http://www.espn.com/nba/player/_/id/3981/wayne-ellington
27,228,Emanuel Terry,F,MIA/PHX,3,7.7,-1.85,0.85,-1.00,0.03,http://www.espn.com/nba/player/_/id/4355392/emanuel-terry
28,229,Drew Eubanks,PF,SA,23,4.9,-1.98,0.97,-1.01,0.13,http://www.espn.com/nba/player/_/id/3914285/drew-eubanks
29,230,T.J. Leaf,PF,IND,58,9.0,-1.46,0.45,-1.01,0.71,http://www.espn.com/nba/player/_/id/4066425/t.j.-leaf
30,231,Isaiah Hartenstein,PF,HOU,28,7.9,-1.82,0.81,-1.01,0.29,http://www.espn.com/nba/player/_/id/4222252/isaiah-hartenstein
31,232,Ike Anigbogu,F,IND,3,2.0,-2.13,1.10,-1.03,0.01,http://www.espn.com/nba/player/_/id/4066424/ike-anigbogu
32,233,Doug McDermott,SF,IND,77,17.4,0.30,-1.35,-1.05,1.74,http://www.espn.com/nba/player/_/id/2528588/doug-mcdermott
33,234,Miles Plumlee,C,ATL,18,9.6,-1.70,0.64,-1.06,0.25,http://www.espn.com/nba/player/_/id/6616/miles-plumlee
34,235,Marcus Derrickson,F,GS,11,6.1,-1.31,0.24,-1.07,0.09,http://www.espn.com/nba/player/_/id/3934670/marcus-derrickson
35,236,Bruno Caboclo,SF,MEM,34,23.5,-1.71,0.63,-1.08,0.11,http://www.espn.com/nba/player/_/id/3113297/bruno-caboclo
36,237,Raymond Felton,PG,OKC,33,11.5,-1.96,0.87,-1.09,0.51,http://www.espn.com/nba/player/_/id/2753/raymond-felton
37,238,Jason Smith,PF,NO/MIL/WSH,20,9.5,-2.88,1.78,-1.10,0.25,http://www.espn.com/nba/player/_/id/3232/jason-smith
38,239,Norman Powell,SF,TOR,60,18.8,-0.76,-0.35,-1.11,1.43,http://www.espn.com/nba/player/_/id/2595516/norman-powell
39,240,Malik Beasley,SG,DEN,81,23.2,1.49,-2.60,-1.11,2.33,http://www.espn.com/nba/player/_/id/3907822/malik-beasley
0,241,Tyler Lydon,PF,DEN,25,3.8,-1.96,0.85,-1.11,0.12,http://www.espn.com/nba/player/_/id/3934662/tyler-lydon
1,242,Vince Carter,SF,ATL,76,17.5,-1.05,-0.08,-1.13,1.77,http://www.espn.com/nba/player/_/id/136/vince-carter
2,243,JaKarr Sampson,SF,CHI,4,31.8,-1.59,0.46,-1.13,0.14,http://www.espn.com/nba/player/_/id/2608891/jakarr-sampson
3,244,Semi Ojeleye,PF,BOS,56,10.6,-1.69,0.56,-1.13,0.75,http://www.espn.com/nba/player/_/id/3056602/semi-ojeleye
4,245,Yante Maten,PF,MIA,2,6.5,-2.07,0.94,-1.13,0.02,http://www.espn.com/nba/player/_/id/3136183/yante-maten
5,246,Jaylen Brown,SG,BOS,74,25.9,-1.22,0.09,-1.13,2.44,http://www.espn.com/nba/player/_/id/3917376/jaylen-brown
6,247,Jarred Vanderbilt,PF,DEN,17,4.1,-2.13,1.00,-1.13,0.08,http://www.espn.com/nba/player/_/id/4278077/jarred-vanderbilt
7,248,Isaiah Hicks,PF,NY,3,10.7,-2.00,0.86,-1.14,0.04,http://www.espn.com/nba/player/_/id/3074765/isaiah-hicks
8,249,Ante Zizic,C,CLE,59,18.3,-2.44,1.28,-1.16,1.35,http://www.espn.com/nba/player/_/id/4017838/ante-zizic
9,250,Kelly Oubre Jr.,SF,PHX/WSH,69,28.0,-0.11,-1.07,-1.18,2.36,http://www.espn.com/nba/player/_/id/3133603/kelly-oubre-jr.
10,251,Jonah Bolden,PF,PHI,44,14.5,-1.91,0.73,-1.18,0.83,http://www.espn.com/nba/player/_/id/3155533/jonah-bolden
11,252,Chris Boucher,PF,TOR,28,5.8,-1.83,0.62,-1.21,0.20,http://www.espn.com/nba/player/_/id/3948153/chris-boucher
12,253,Tony Bradley,C,UTAH,3,12.0,-1.95,0.73,-1.22,0.04,http://www.espn.com/nba/player/_/id/4065673/tony-bradley
13,254,Michael Beasley,F,LAL,26,10.7,-1.82,0.59,-1.23,0.30,http://www.espn.com/nba/player/_/id/3418/michael-beasley
14,255,Josh Okogie,SG,MIN,74,23.7,-1.08,-0.15,-1.23,2.18,http://www.espn.com/nba/player/_/id/4065663/josh-okogie
15,256,Austin Rivers,PG,HOU/WSH,76,26.7,-0.43,-0.82,-1.25,2.32,http://www.espn.com/nba/player/_/id/6617/austin-rivers
16,257,Derrick Jones Jr.,SF,MIA,60,19.2,-1.87,0.62,-1.25,1.32,http://www.espn.com/nba/player/_/id/3936099/derrick-jones-jr.
17,258,Tim Hardaway Jr.,G,DAL/NY,65,31.6,0.39,-1.65,-1.26,2.47,http://www.espn.com/nba/player/_/id/2528210/tim-hardaway-jr.
18,259,Jake Layman,SF,POR,71,18.7,-0.95,-0.33,-1.28,1.48,http://www.espn.com/nba/player/_/id/2982268/jake-layman
19,260,Udonis Haslem,PF,MIA,10,7.4,-2.97,1.65,-1.32,0.08,http://www.espn.com/nba/player/_/id/2184/udonis-haslem
20,261,DeVaughn Akoon-Purcell,G,DEN,7,3.1,-1.07,-0.25,-1.32,0.02,http://www.espn.com/nba/player/_/id/3138256/devaughn-akoon-purcell
21,262,Dzanan Musa,SG,BKN,9,4.3,-2.12,0.80,-1.32,0.04,http://www.espn.com/nba/player/_/id/4348696/dzanan-musa
22,263,Dario Saric,PF,MIN/PHI,81,25.0,0.25,-1.58,-1.33,2.32,http://www.espn.com/nba/player/_/id/3032978/dario-saric
23,264,Andrew Wiggins,SF,MIN,73,34.8,0.22,-1.56,-1.34,2.91,http://www.espn.com/nba/player/_/id/3059319/andrew-wiggins
24,265,Scott Machado,PG,LAL,4,4.8,-1.21,-0.14,-1.35,0.02,http://www.espn.com/nba/player/_/id/6644/scott-machado
25,266,Donte Grantham,F,OKC,3,0.7,-2.09,0.74,-1.35,0.00,http://www.espn.com/nba/player/_/id/3129674/donte-grantham
26,267,Derrick Rose,PG,MIN,51,27.3,1.21,-2.57,-1.36,1.60,http://www.espn.com/nba/player/_/id/3456/derrick-rose
27,268,Vincent Edwards,SF,HOU,2,8.0,-2.00,0.64,-1.36,0.02,http://www.espn.com/nba/player/_/id/3136989/vincent-edwards
28,269,Jemerrio Jones,F,LAL,6,23.8,-2.08,0.72,-1.36,0.16,http://www.espn.com/nba/player/_/id/4067469/jemerrio-jones
29,270,Isaac Humphries,C,ATL,5,11.2,-2.21,0.84,-1.37,0.07,http://www.espn.com/nba/player/_/id/3926491/isaac-humphries
30,271,Jodie Meeks,SG,TOR,8,13.0,-0.98,-0.40,-1.38,0.12,http://www.espn.com/nba/player/_/id/4003/jodie-meeks
31,272,James Johnson,PF,MIA,55,21.2,-2.18,0.79,-1.39,1.25,http://www.espn.com/nba/player/_/id/3999/james-johnson
32,273,Quincy Pondexter,SF,SA,53,5.5,-1.66,0.27,-1.39,0.30,http://www.espn.com/nba/player/_/id/4253/quincy-pondexter
33,274,Kyle O'Quinn,C,IND,45,8.2,-2.06,0.67,-1.39,0.40,http://www.espn.com/nba/player/_/id/6615/kyle-o'quinn
34,275,Dorian Finney-Smith,SF,DAL,81,24.5,-0.95,-0.44,-1.39,2.18,http://www.espn.com/nba/player/_/id/2578185/dorian-finney-smith
35,276,Marcin Gortat,C,LAC,47,16.0,-3.20,1.80,-1.40,0.81,http://www.espn.com/nba/player/_/id/2758/marcin-gortat
36,277,Deonte Burton,G,OKC,32,7.5,-2.73,1.33,-1.40,0.27,http://www.espn.com/nba/player/_/id/3059358/deonte-burton
37,278,Demetrius Jackson,G,PHI,6,6.5,-0.74,-0.72,-1.46,0.01,http://www.espn.com/nba/player/_/id/3059273/demetrius-jackson
38,279,Ish Smith,PG,DET,56,22.3,-0.45,-1.02,-1.47,1.26,http://www.espn.com/nba/player/_/id/4305/ish-smith
39,280,Dion Waiters,SG,MIA,44,25.9,-0.64,-0.83,-1.47,1.14,http://www.espn.com/nba/player/_/id/6628/dion-waiters
0,281,Ron Baker,G,NY/WSH,15,10.1,-1.56,0.09,-1.47,0.12,http://www.espn.com/nba/player/_/id/2580349/ron-baker
1,282,Yogi Ferrell,PG,SAC,71,15.0,0.01,-1.49,-1.48,1.11,http://www.espn.com/nba/player/_/id/2991018/yogi-ferrell
2,283,Aaron Holiday,PG,IND,50,12.9,-1.10,-0.39,-1.49,0.66,http://www.espn.com/nba/player/_/id/3922230/aaron-holiday
3,284,Jalen Jones,F,CLE,16,13.4,-1.23,-0.27,-1.50,0.17,http://www.espn.com/nba/player/_/id/2579476/jalen-jones
4,285,Rodions Kurucs,SF,BKN,63,20.5,-1.21,-0.29,-1.50,0.08,http://www.espn.com/nba/player/_/id/4230548/rodions-kurucs
5,286,Shai Gilgeous-Alexander,PG,LAC,82,26.5,-0.40,-1.10,-1.50,2.24,http://www.espn.com/nba/player/_/id/4278073/shai-gilgeous-alexander
6,287,Robin Lopez,C,CHI,74,21.7,-1.97,0.45,-1.52,1.60,http://www.espn.com/nba/player/_/id/3447/robin-lopez
7,288,Cameron Reynolds,G,MIN,19,13.6,-1.34,-0.18,-1.52,0.25,http://www.espn.com/nba/player/_/id/3057240/cameron-reynolds
8,289,Gorgui Dieng,C,MIN,76,13.6,-1.15,-0.40,-1.55,1.03,http://www.espn.com/nba/player/_/id/2534781/gorgui-dieng
9,290,John Wall,PG,WSH,32,34.5,-0.57,-0.99,-1.56,1.10,http://www.espn.com/nba/player/_/id/4237/john-wall
10,291,D.J. Wilson,PF,MIL,48,18.4,-2.25,0.68,-1.57,0.89,http://www.espn.com/nba/player/_/id/3136491/d.j.-wilson
11,292,Trevor Ariza,SF,PHX/WSH,69,34.0,-0.35,-1.24,-1.59,2.24,http://www.espn.com/nba/player/_/id/2426/trevor-ariza
12,293,Torrey Craig,SF,DEN,75,20.0,-0.42,-1.17,-1.59,1.42,http://www.espn.com/nba/player/_/id/2528693/torrey-craig
13,294,Gerald Green,SG,HOU,73,20.2,0.67,-2.27,-1.60,1.39,http://www.espn.com/nba/player/_/id/2761/gerald-green
14,295,Johnathan Motley,PF,LAC,22,7.1,-1.92,0.32,-1.60,0.15,http://www.espn.com/nba/player/_/id/3059306/johnathan-motley
15,296,Troy Caupain,PG,ORL,4,4.0,-1.48,-0.12,-1.60,0.01,http://www.espn.com/nba/player/_/id/3074743/troy-caupain
16,297,Kenrich Williams,SG,NO,46,23.5,-1.78,0.17,-1.61,1.08,http://www.espn.com/nba/player/_/id/3133626/kenrich-williams
17,298,Devin Robinson,SF,WSH,7,13.6,-1.76,0.15,-1.61,0.08,http://www.espn.com/nba/player/_/id/3137798/devin-robinson
18,299,PJ Dozier,PG,BOS,6,8.5,-1.92,0.31,-1.61,0.05,http://www.espn.com/nba/player/_/id/3923250/pj-dozier
19,300,Dennis Schroder,PG,OKC,79,29.3,0.28,-1.90,-1.62,2.28,http://www.espn.com/nba/player/_/id/3032979/dennis-schroder
20,301,Luke Kennard,SG,DET,63,22.8,0.14,-1.77,-1.63,1.29,http://www.espn.com/nba/player/_/id/3913174/luke-kennard
21,302,Milos Teodosic,G,LAC,15,10.0,-1.03,-0.61,-1.64,0.15,http://www.espn.com/nba/player/_/id/4192/milos-teodosic
22,303,Donte DiVincenzo,SG,MIL,27,15.2,-1.67,0.03,-1.64,0.40,http://www.espn.com/nba/player/_/id/3934673/donte-divincenzo
23,304,Tony Snell,SG,MIL,74,17.6,-0.07,-1.58,-1.65,1.23,http://www.espn.com/nba/player/_/id/2528353/tony-snell
24,305,Jaylen Morris,SG,MIL,4,7.3,-1.05,-0.60,-1.65,0.02,http://www.espn.com/nba/player/_/id/3952343/jaylen-morris
25,306,Amir Johnson,C,PHI,51,10.4,-1.92,0.25,-1.67,0.49,http://www.espn.com/nba/player/_/id/2769/amir-johnson
26,307,Jordan McRae,SG,WSH,27,12.3,-1.70,0.03,-1.67,0.27,http://www.espn.com/nba/player/_/id/2531797/jordan-mcrae
27,308,Tahjere McCall,SG,BKN,1,8.0,-1.72,0.05,-1.67,0.01,http://www.espn.com/nba/player/_/id/2992257/tahjere-mccall
28,309,Alex Abrines,G,OKC,31,19.0,-2.60,0.91,-1.69,0.56,http://www.espn.com/nba/player/_/id/2995702/alex-abrines
29,310,Andre Ingram,SG,LAL,4,3.8,-1.82,0.12,-1.70,0.01,http://www.espn.com/nba/player/_/id/2141179/andre-ingram
30,311,Julian Washburn,SF,MEM,18,14.1,-2.32,0.62,-1.70,0.21,http://www.espn.com/nba/player/_/id/2579492/julian-washburn
31,312,Dusty Hannahs,G,MEM,2,13.0,-1.48,-0.24,-1.72,0.01,http://www.espn.com/nba/player/_/id/3001309/dusty-hannahs
32,313,Dwayne Bacon,SG,CHA,43,17.7,-0.47,-1.25,-1.72,0.67,http://www.espn.com/nba/player/_/id/3907821/dwayne-bacon
33,314,JR Smith,SG,CLE,11,20.2,-2.72,0.98,-1.74,0.20,http://www.espn.com/nba/player/_/id/2444/jr-smith
34,315,Thon Maker,PF,DET/MIL,64,15.2,-2.75,1.01,-1.74,0.81,http://www.espn.com/nba/player/_/id/4017843/thon-maker
35,316,Jabari Parker,PF,CHI/WSH,64,26.9,-0.84,-0.91,-1.75,1.52,http://www.espn.com/nba/player/_/id/3056600/jabari-parker
36,317,Davon Reed,SG,IND,10,4.7,-1.67,-0.08,-1.75,0.04,http://www.espn.com/nba/player/_/id/3059262/davon-reed
37,318,DJ Stephens,G,MEM,1,7.0,-1.33,-0.43,-1.76,0.01,http://www.espn.com/nba/player/_/id/2489563/dj-stephens
38,319,Spencer Dinwiddie,PG,BKN,68,28.1,1.46,-3.22,-1.76,1.62,http://www.espn.com/nba/player/_/id/2580782/spencer-dinwiddie
39,320,Brandon Ingram,SF,LAL,52,33.8,-1.23,-0.54,-1.77,1.55,http://www.espn.com/nba/player/_/id/3913176/brandon-ingram
0,321,Enes Kanter,C,NY/POR,67,24.5,-0.32,-1.46,-1.78,0.97,http://www.espn.com/nba/player/_/id/6447/enes-kanter
1,322,Skal Labissiere,PF,POR/SAC,22,8.0,-1.68,-0.11,-1.79,0.14,http://www.espn.com/nba/player/_/id/3936296/skal-labissiere
2,323,Kadeem Allen,SG,NY,19,21.9,-0.36,-1.45,-1.81,0.34,http://www.espn.com/nba/player/_/id/3134880/kadeem-allen
3,324,Nick Young,G,DEN,4,9.3,-1.77,-0.05,-1.82,0.03,http://www.espn.com/nba/player/_/id/3243/nick-young
4,325,George King,SF,PHX,1,6.0,-1.96,0.12,-1.84,0.00,http://www.espn.com/nba/player/_/id/3064320/george-king
5,326,Furkan Korkmaz,SG,PHI,48,14.1,-0.63,-1.24,-1.87,0.53,http://www.espn.com/nba/player/_/id/3929325/furkan-korkmaz
6,327,Jalen Brunson,PG,DAL,73,21.8,-0.23,-1.64,-1.87,1.26,http://www.espn.com/nba/player/_/id/3934672/jalen-brunson
7,328,Courtney Lee,SG,DAL/NY,34,12.6,-2.22,0.34,-1.88,0.34,http://www.espn.com/nba/player/_/id/3445/courtney-lee
8,329,Jordan Loyd,PG,TOR,12,4.6,-1.52,-0.36,-1.88,0.05,http://www.espn.com/nba/player/_/id/2595592/jordan-loyd
9,330,Alize Johnson,PF,IND,14,4.6,-2.18,0.29,-1.89,0.06,http://www.espn.com/nba/player/_/id/4067045/alize-johnson
10,331,BJ Johnson,SF,ATL/SAC,7,7.0,-2.11,0.20,-1.91,0.02,http://www.espn.com/nba/player/_/id/3059280/bj-johnson
11,332,Miles Bridges,SF,CHA,80,21.2,-0.75,-1.16,-1.91,1.31,http://www.espn.com/nba/player/_/id/4066383/miles-bridges
12,333,Matthew Dellavedova,PG,CLE/MIL,48,16.9,-1.38,-0.54,-1.92,0.61,http://www.espn.com/nba/player/_/id/2489716/matthew-dellavedova
13,334,Zach Lofton,G,DET,1,4.0,-1.37,-0.55,-1.92,0.00,http://www.espn.com/nba/player/_/id/3059430/zach-lofton
14,335,DeAndre' Bembry,SF,ATL,82,23.5,-1.66,-0.26,-1.92,1.54,http://www.espn.com/nba/player/_/id/3062667/deandre'-bembry
15,336,Guerschon Yabusele,PF,BOS,41,6.1,-2.00,0.08,-1.92,0.19,http://www.espn.com/nba/player/_/id/4017844/guerschon-yabusele
16,337,Kris Dunn,PG,CHI,46,30.2,-1.46,-0.48,-1.94,1.01,http://www.espn.com/nba/player/_/id/2991139/kris-dunn
17,338,Joe Chealey,PG,CHA,1,8.0,-1.59,-0.35,-1.94,0.01,http://www.espn.com/nba/player/_/id/3058269/joe-chealey
18,339,Wendell Carter Jr.,C,CHI,44,25.2,-4.36,2.41,-1.95,0.83,http://www.espn.com/nba/player/_/id/4277847/wendell-carter-jr.
19,340,Trey Lyles,PF,DEN,64,17.5,-2.07,0.11,-1.96,0.81,http://www.espn.com/nba/player/_/id/3136196/trey-lyles
20,341,Bobby Portis,PF,CHI/WSH,50,26.0,-0.42,-1.55,-1.97,0.96,http://www.espn.com/nba/player/_/id/3064482/bobby-portis
21,342,Dennis Smith Jr.,PG,DAL/NY,53,28.5,-1.82,-0.15,-1.97,1.11,http://www.espn.com/nba/player/_/id/4065697/dennis-smith-jr.
22,343,Tim Frazier,PG,NO/MIL,59,19.0,-0.91,-1.07,-1.98,0.68,http://www.espn.com/nba/player/_/id/2488945/tim-frazier
23,344,Jahlil Okafor,C,NO,59,15.8,-2.14,0.16,-1.98,0.69,http://www.espn.com/nba/player/_/id/3135048/jahlil-okafor
24,345,Marco Belinelli,SG,SA,79,23.0,0.62,-2.61,-1.99,1.33,http://www.espn.com/nba/player/_/id/3190/marco-belinelli
25,346,Iman Shumpert,SG,HOU/SAC,62,23.9,-1.19,-0.80,-1.99,1.11,http://www.espn.com/nba/player/_/id/6468/iman-shumpert
26,347,Jordan Sibert,SG,ATL,1,4.0,-1.72,-0.28,-2.00,0.00,http://www.espn.com/nba/player/_/id/2579279/jordan-sibert
27,348,Elfrid Payton,PG,NO,42,29.8,-0.63,-1.38,-2.01,0.92,http://www.espn.com/nba/player/_/id/2583639/elfrid-payton
28,349,J.P. Macura,SG,CHA,2,8.5,-2.00,-0.01,-2.01,0.01,http://www.espn.com/nba/player/_/id/3136483/j.p.-macura
29,350,Theo Pinson,SG,BKN,18,11.7,-2.42,0.41,-2.01,0.15,http://www.espn.com/nba/player/_/id/3138154/theo-pinson
30,351,Tyler Johnson,SG,MIA/PHX,57,26.8,-0.96,-1.06,-2.02,1.01,http://www.espn.com/nba/player/_/id/2530276/tyler-johnson
31,352,Anthony Tolliver,PF,MIN,65,16.6,-1.61,-0.42,-2.03,0.74,http://www.espn.com/nba/player/_/id/3276/anthony-tolliver
32,353,Lance Stephenson,SG,LAL,68,16.5,-0.75,-1.28,-2.03,0.79,http://www.espn.com/nba/player/_/id/4244/lance-stephenson
33,354,Isaac Bonga,PG,LAL,22,5.5,-2.97,0.94,-2.03,0.07,http://www.espn.com/nba/player/_/id/4348697/isaac-bonga
34,355,Jaron Blossomgame,SF,CLE,27,16.3,-2.41,0.36,-2.05,0.30,http://www.espn.com/nba/player/_/id/2982240/jaron-blossomgame
35,356,JaVale McGee,C,LAL,75,22.3,-2.26,0.20,-2.06,1.17,http://www.espn.com/nba/player/_/id/3452/javale-mcgee
36,357,Jerian Grant,PG,ORL,60,15.7,-1.81,-0.25,-2.06,0.63,http://www.espn.com/nba/player/_/id/2531047/jerian-grant
37,358,Tyler Dorsey,SG,ATL/MEM,48,14.5,-1.05,-1.02,-2.07,0.48,http://www.espn.com/nba/player/_/id/3915560/tyler-dorsey
38,359,Trevon Duval,PG,MIL,3,2.0,-1.47,-0.61,-2.08,0.00,http://www.espn.com/nba/player/_/id/4277842/trevon-duval
39,360,Zhaire Smith,SG,PHI,6,18.5,-1.48,-0.60,-2.08,0.07,http://www.espn.com/nba/player/_/id/4277923/zhaire-smith
0,361,Kent Bazemore,SG,ATL,67,24.5,-2.22,0.12,-2.10,1.12,http://www.espn.com/nba/player/_/id/6637/kent-bazemore
1,362,Alex Poythress,SF,ATL,21,14.5,-1.49,-0.63,-2.12,0.14,http://www.espn.com/nba/player/_/id/2991283/alex-poythress
2,363,Wilson Chandler,SF,LAC/PHI,51,23.1,-1.37,-0.76,-2.13,0.74,http://www.espn.com/nba/player/_/id/3194/wilson-chandler
3,364,Dante Exum,PG,UTAH,42,15.8,-1.86,-0.27,-2.13,0.43,http://www.espn.com/nba/player/_/id/3102528/dante-exum
4,365,Melvin Frazier Jr.,SG,ORL,10,4.4,-2.45,0.32,-2.13,0.03,http://www.espn.com/nba/player/_/id/3913546/melvin-frazier-jr.
5,366,Dwyane Wade,SG,MIA,72,26.2,-0.13,-2.01,-2.14,1.17,http://www.espn.com/nba/player/_/id/1987/dwyane-wade
6,367,Tyler Ulis,G,CHI,1,1.0,-1.07,-1.07,-2.14,0.00,http://www.espn.com/nba/player/_/id/3136194/tyler-ulis
7,368,Chris Chiozza,PG,HOU,7,4.7,-1.64,-0.50,-2.14,0.02,http://www.espn.com/nba/player/_/id/3137795/chris-chiozza
8,369,Moritz Wagner,C,LAL,43,10.4,-3.10,0.94,-2.16,0.25,http://www.espn.com/nba/player/_/id/3150844/moritz-wagner
9,370,James Nunnally,G,HOU/MIN,15,6.8,-1.29,-0.89,-2.18,0.05,http://www.espn.com/nba/player/_/id/2326411/james-nunnally
10,371,Duncan Robinson,SF,MIA,15,10.7,-2.26,0.08,-2.18,0.09,http://www.espn.com/nba/player/_/id/3157465/duncan-robinson
11,372,Troy Daniels,SG,PHX,51,14.9,-0.97,-1.22,-2.19,0.45,http://www.espn.com/nba/player/_/id/2489530/troy-daniels
12,373,Ben McLemore,G,SAC,19,8.3,-1.43,-0.78,-2.21,0.10,http://www.espn.com/nba/player/_/id/2578213/ben-mclemore
13,374,Justin Anderson,SG,ATL,48,9.6,-2.11,-0.11,-2.22,0.28,http://www.espn.com/nba/player/_/id/2982340/justin-anderson
14,375,Brandon Goodwin,PG,DEN,16,3.6,-1.69,-0.53,-2.22,0.03,http://www.espn.com/nba/player/_/id/3057198/brandon-goodwin
15,376,Robert Williams III,C,BOS,32,8.8,-2.62,0.40,-2.22,0.11,http://www.espn.com/nba/player/_/id/4066211/robert-williams-iii
16,377,Treveon Graham,SG,BKN,35,20.4,-2.54,0.31,-2.23,0.43,http://www.espn.com/nba/player/_/id/2595231/treveon-graham
17,378,C.J. Williams,SG,MIN,15,8.5,-1.92,-0.32,-2.24,0.07,http://www.espn.com/nba/player/_/id/2325499/c.j.-williams
18,379,Georges Niang,SF,UTAH,59,8.7,-0.66,-1.58,-2.24,0.30,http://www.espn.com/nba/player/_/id/2990969/georges-niang
19,380,Ivan Rabb,PF,MEM,49,14.7,-1.61,-0.64,-2.25,0.39,http://www.espn.com/nba/player/_/id/3917378/ivan-rabb
20,381,Carmelo Anthony,F,HOU,10,29.4,-2.51,0.24,-2.27,0.16,http://www.espn.com/nba/player/_/id/1975/carmelo-anthony
21,382,Stanley Johnson,SF,NO/DET,66,18.3,-4.02,1.74,-2.28,0.64,http://www.espn.com/nba/player/_/id/3134881/stanley-johnson
22,383,Ryan Anderson,PF,MIA/PHX,25,12.9,-3.57,1.28,-2.29,0.17,http://www.espn.com/nba/player/_/id/3412/ryan-anderson
23,384,Rodney McGruder,SF,MIA,66,23.5,-1.70,-0.59,-2.29,0.82,http://www.espn.com/nba/player/_/id/2488826/rodney-mcgruder
24,385,Tony Parker,PG,CHA,56,17.9,-1.21,-1.09,-2.30,0.53,http://www.espn.com/nba/player/_/id/1015/tony-parker
25,386,Troy Brown Jr.,SF,WSH,52,14.0,-1.56,-0.74,-2.30,0.07,http://www.espn.com/nba/player/_/id/4278508/troy-brown-jr.
26,387,Mike Scott,PF,LAC/PHI,79,17.7,-1.61,-0.71,-2.32,0.75,http://www.espn.com/nba/player/_/id/6622/mike-scott
27,388,Justin Holiday,SF,CHI/MEM,82,31.8,-1.46,-0.86,-2.32,1.31,http://www.espn.com/nba/player/_/id/2284101/justin-holiday
28,389,Bruce Brown,SG,DET,74,19.6,-3.36,1.00,-2.36,0.67,http://www.espn.com/nba/player/_/id/4065670/bruce-brown
29,390,Reggie Bullock,SG,DET/LAL,63,29.8,-0.28,-2.10,-2.38,0.86,http://www.espn.com/nba/player/_/id/2528779/reggie-bullock
30,391,Jon Leuer,PF,DET,41,9.8,-2.85,0.46,-2.39,0.18,http://www.espn.com/nba/player/_/id/6452/jon-leuer
31,392,Sterling Brown,SG,MIL,58,17.8,-1.60,-0.79,-2.39,0.48,http://www.espn.com/nba/player/_/id/3057187/sterling-brown
32,393,Chandler Parsons,SF,MEM,25,19.8,-2.89,0.49,-2.40,0.22,http://www.espn.com/nba/player/_/id/6466/chandler-parsons
33,394,Sam Dekker,SF,CLE/WSH,47,16.8,-1.59,-0.81,-2.40,0.35,http://www.espn.com/nba/player/_/id/2991184/sam-dekker
34,395,Andrew Harrison,G,NO/CLE/MEM,17,11.0,-1.92,-0.48,-2.40,0.08,http://www.espn.com/nba/player/_/id/3064511/andrew-harrison
35,396,CJ Miles,SF,TOR/MEM,53,16.2,-1.91,-0.50,-2.41,0.40,http://www.espn.com/nba/player/_/id/2778/cj-miles
36,397,Rondae Hollis-Jefferson,SF,BKN,59,20.9,-2.97,0.54,-2.43,0.54,http://www.espn.com/nba/player/_/id/3064291/rondae-hollis-jefferson
37,398,Damyean Dotson,SG,NY,73,27.5,-0.60,-1.84,-2.44,0.86,http://www.espn.com/nba/player/_/id/2991149/damyean-dotson
38,399,Yuta Watanabe,G,MEM,15,11.6,-2.87,0.43,-2.44,0.07,http://www.espn.com/nba/player/_/id/3133838/yuta-watanabe
39,400,Haywood Highsmith,F,PHI,5,8.0,-2.12,-0.32,-2.44,0.01,http://www.espn.com/nba/player/_/id/4291678/haywood-highsmith
0,401,Damion Lee,SG,GS,32,11.7,-1.74,-0.73,-2.47,0.16,http://www.espn.com/nba/player/_/id/2595209/damion-lee
1,402,Dillon Brooks,SG,MEM,18,18.3,-2.22,-0.25,-2.47,0.13,http://www.espn.com/nba/player/_/id/3155526/dillon-brooks
2,403,Daryl Macon,SG,DAL,8,11.3,-1.81,-0.67,-2.48,0.04,http://www.espn.com/nba/player/_/id/4066243/daryl-macon
3,404,Sindarius Thornwell,SG,LAC,64,4.9,-2.92,0.41,-2.51,0.13,http://www.espn.com/nba/player/_/id/3064539/sindarius-thornwell
4,405,Gary Clark,PF,HOU,51,12.6,-1.96,-0.58,-2.54,0.23,http://www.espn.com/nba/player/_/id/3132042/gary-clark
5,406,Markelle Fultz,PG,PHI,19,22.5,-2.74,0.20,-2.54,0.16,http://www.espn.com/nba/player/_/id/4066636/markelle-fultz
6,407,Malik Monk,SG,CHA,73,17.2,-0.20,-2.36,-2.56,0.46,http://www.espn.com/nba/player/_/id/4066262/malik-monk
7,408,Khyri Thomas,SG,DET,26,7.5,-2.33,-0.24,-2.57,0.07,http://www.espn.com/nba/player/_/id/3912334/khyri-thomas
8,409,Evan Turner,SG,POR,73,22.0,-1.69,-0.90,-2.59,0.52,http://www.espn.com/nba/player/_/id/4239/evan-turner
9,410,Caleb Swanigan,PF,POR/SAC,21,8.5,-3.39,0.80,-2.59,0.05,http://www.espn.com/nba/player/_/id/3906671/caleb-swanigan
10,411,Dirk Nowitzki,PF,DAL,51,15.6,-2.11,-0.49,-2.60,0.27,http://www.espn.com/nba/player/_/id/609/dirk-nowitzki
11,412,E'Twaun Moore,G,NO,53,27.6,-0.25,-2.35,-2.60,0.51,http://www.espn.com/nba/player/_/id/6460/e'twaun-moore
12,413,Chasson Randle,PG,WSH,49,15.2,-0.97,-1.63,-2.60,0.24,http://www.espn.com/nba/player/_/id/2580898/chasson-randle
13,414,Troy Williams,SF,SAC,21,14.9,-2.48,-0.14,-2.62,0.11,http://www.espn.com/nba/player/_/id/3078286/troy-williams
14,415,Jaylen Adams,PG,ATL,34,12.6,-1.66,-0.96,-2.62,0.13,http://www.espn.com/nba/player/_/id/3133874/jaylen-adams
15,416,Allen Crabbe,SG,BKN,43,26.3,-2.28,-0.35,-2.63,0.35,http://www.espn.com/nba/player/_/id/2531210/allen-crabbe
16,417,Willy Hernangomez,C,CHA,58,14.0,-0.58,-2.05,-2.63,0.26,http://www.espn.com/nba/player/_/id/2999409/willy-hernangomez
17,418,Emmanuel Mudiay,PG,NY,59,27.2,-0.24,-2.39,-2.63,0.50,http://www.espn.com/nba/player/_/id/3892818/emmanuel-mudiay
18,419,Malachi Richardson,G,TOR,22,4.7,-2.42,-0.21,-2.63,0.03,http://www.espn.com/nba/player/_/id/3934663/malachi-richardson
19,420,Daniel Hamilton,G,ATL,19,10.7,-2.46,-0.19,-2.65,0.06,http://www.espn.com/nba/player/_/id/3147351/daniel-hamilton
20,421,Shake Milton,SG,PHI,20,13.4,-1.81,-0.84,-2.65,0.08,http://www.espn.com/nba/player/_/id/3915195/shake-milton
21,422,Harry Giles III,PF,SAC,58,14.1,-2.83,0.17,-2.66,0.26,http://www.espn.com/nba/player/_/id/4065649/harry-giles-iii
22,423,Patrick McCaw,SG,CLE/TOR,29,13.7,-2.57,-0.12,-2.69,0.11,http://www.espn.com/nba/player/_/id/3137730/patrick-mccaw
23,424,Trae Young,PG,ATL,81,30.9,2.09,-4.79,-2.70,0.71,http://www.espn.com/nba/player/_/id/4277905/trae-young
24,425,Greg Monroe,C,BOS/PHI/TOR,43,11.2,-3.92,1.21,-2.71,0.11,http://www.espn.com/nba/player/_/id/4260/greg-monroe
25,426,Isaiah Canaan,G,MIL/MIN/PHX,30,21.0,-1.40,-1.31,-2.71,0.12,http://www.espn.com/nba/player/_/id/2490589/isaiah-canaan
26,427,Taurean Prince,SF,ATL,55,28.2,-0.57,-2.14,-2.71,0.44,http://www.espn.com/nba/player/_/id/2990962/taurean-prince
27,428,Bonzie Colson,PF,MIL,8,12.3,-2.10,-0.62,-2.72,0.03,http://www.espn.com/nba/player/_/id/3138192/bonzie-colson
28,429,Deng Adel,SF,CLE,19,10.2,-2.76,0.04,-2.72,0.05,http://www.espn.com/nba/player/_/id/3908807/deng-adel
29,430,Gary Trent Jr.,SG,POR,15,7.4,-2.60,-0.13,-2.73,0.02,http://www.espn.com/nba/player/_/id/4277843/gary-trent-jr.
30,431,James Ennis III,SF,HOU/PHI,58,21.2,-1.24,-1.51,-2.75,0.29,http://www.espn.com/nba/player/_/id/2579321/james-ennis-iii
31,432,Kosta Koufos,C,SAC,42,12.0,-3.35,0.56,-2.79,0.11,http://www.espn.com/nba/player/_/id/3444/kosta-koufos
32,433,Bismack Biyombo,C,CHA,54,14.5,-3.14,0.35,-2.79,0.16,http://www.espn.com/nba/player/_/id/6427/bismack-biyombo
33,434,Sviatoslav Mykhailiuk,SG,DET/LAL,42,10.5,-2.36,-0.44,-2.80,0.09,http://www.espn.com/nba/player/_/id/3133602/sviatoslav-mykhailiuk
34,435,Devin Harris,PG,DAL,68,15.8,-1.02,-1.80,-2.82,0.20,http://www.espn.com/nba/player/_/id/2382/devin-harris
35,436,Chimezie Metu,PF,SA,29,5.0,-3.22,0.40,-2.82,0.03,http://www.espn.com/nba/player/_/id/3914283/chimezie-metu
36,437,Rawle Alkins,SG,CHI,10,12.0,-2.12,-0.71,-2.83,0.02,http://www.espn.com/nba/player/_/id/4066334/rawle-alkins
37,438,Jeremy Lin,PG,ATL/TOR,74,19.4,-1.65,-1.19,-2.84,0.28,http://www.espn.com/nba/player/_/id/4299/jeremy-lin
38,439,Markieff Morris,PF,OKC/WSH,58,21.9,-1.52,-1.35,-2.87,0.14,http://www.espn.com/nba/player/_/id/6461/markieff-morris
39,440,Tristan Thompson,C,CLE,43,27.9,-1.98,-0.89,-2.87,0.19,http://www.espn.com/nba/player/_/id/6474/tristan-thompson
0,441,MarShon Brooks,G,MEM,29,13.3,-1.53,-1.35,-2.88,0.05,http://www.espn.com/nba/player/_/id/6428/marshon-brooks
1,442,Shaun Livingston,PG,GS,64,15.1,-2.71,-0.18,-2.89,0.14,http://www.espn.com/nba/player/_/id/2393/shaun-livingston
2,443,Jared Terrell,SG,MIN,14,7.9,-2.31,-0.58,-2.89,0.02,http://www.espn.com/nba/player/_/id/3133843/jared-terrell
3,444,Lorenzo Brown,G,TOR,26,8.2,-2.68,-0.22,-2.90,0.03,http://www.espn.com/nba/player/_/id/2528787/lorenzo-brown
4,445,Terrance Ferguson,SG,OKC,74,26.1,-1.05,-1.86,-2.91,0.27,http://www.espn.com/nba/player/_/id/4230546/terrance-ferguson
5,446,Jordan Clarkson,PG,CLE,81,27.3,1.19,-4.12,-2.93,0.27,http://www.espn.com/nba/player/_/id/2528426/jordan-clarkson
6,447,Glenn Robinson III,SG,DET,47,13.0,-3.30,0.35,-2.95,0.07,http://www.espn.com/nba/player/_/id/2991039/glenn-robinson-iii
7,448,Isaiah Briscoe,PG,ORL,39,14.3,-3.16,0.21,-2.95,0.06,http://www.espn.com/nba/player/_/id/3936294/isaiah-briscoe
8,449,Anfernee Simons,SG,POR,20,7.1,-1.71,-1.25,-2.96,0.01,http://www.espn.com/nba/player/_/id/4351851/anfernee-simons
9,450,Alfonzo McKinnie,SF,GS,72,13.9,-1.85,-1.18,-3.03,0.06,http://www.espn.com/nba/player/_/id/2530923/alfonzo-mckinnie
10,451,Michael Carter-Williams,PG,HOU/ORL,28,13.3,-2.03,-1.01,-3.04,0.01,http://www.espn.com/nba/player/_/id/2596108/michael-carter-williams
11,452,Tyrone Wallace,SG,LAC,62,10.1,-3.41,0.34,-3.07,0.02,http://www.espn.com/nba/player/_/id/3002137/tyrone-wallace
12,453,T.J. McConnell,PG,PHI,76,19.3,-0.83,-2.26,-3.09,0.03,http://www.espn.com/nba/player/_/id/2530530/t.j.-mcconnell
13,454,Isaiah Thomas,PG,DEN,12,15.1,-2.46,-0.65,-3.11,0.00,http://www.espn.com/nba/player/_/id/6472/isaiah-thomas
14,455,Brandon Sampson,SG,CHI,14,15.3,-1.67,-1.45,-3.12,0.00,http://www.espn.com/nba/player/_/id/3907385/brandon-sampson
15,456,Shaquille Harrison,PG,CHI,73,19.6,-2.60,-0.54,-3.14,-0.01,http://www.espn.com/nba/player/_/id/2991274/shaquille-harrison
16,457,Dante Cunningham,SF,SA,64,14.5,-2.46,-0.70,-3.16,-0.02,http://www.espn.com/nba/player/_/id/3974/dante-cunningham
17,458,Jawun Evans,PG,PHX/OKC,8,8.1,-2.32,-0.84,-3.16,0.00,http://www.espn.com/nba/player/_/id/3912854/jawun-evans
18,459,Channing Frye,PF,CLE,36,9.5,-2.35,-0.84,-3.19,-0.01,http://www.espn.com/nba/player/_/id/2754/channing-frye
19,460,Mario Hezonja,SF,NY,58,20.8,-2.62,-0.57,-3.19,-0.05,http://www.espn.com/nba/player/_/id/2995706/mario-hezonja
20,461,Chandler Hutchison,SF,CHI,44,20.3,-3.38,0.16,-3.22,-0.05,http://www.espn.com/nba/player/_/id/3149010/chandler-hutchison
21,462,De'Anthony Melton,PG,PHX,50,19.7,-2.80,-0.44,-3.24,-0.07,http://www.espn.com/nba/player/_/id/4066436/de'anthony-melton
22,463,John Jenkins,SG,NY/WSH,26,12.8,-2.00,-1.29,-3.29,-0.03,http://www.espn.com/nba/player/_/id/6594/john-jenkins
23,464,Avery Bradley,SG,LAC/MEM,63,30.2,-2.11,-1.23,-3.34,-0.26,http://www.espn.com/nba/player/_/id/4240/avery-bradley
24,465,Jerome Robinson,SG,LAC,33,9.7,-1.69,-1.68,-3.37,-0.05,http://www.espn.com/nba/player/_/id/3943606/jerome-robinson
25,466,Keita Bates-Diop,SF,MIN,30,16.8,-2.59,-0.80,-3.39,-0.08,http://www.espn.com/nba/player/_/id/3136779/keita-bates-diop
26,467,Jevon Carter,PG,MEM,39,14.8,-2.94,-0.48,-3.42,-0.11,http://www.espn.com/nba/player/_/id/3133635/jevon-carter
27,468,Alec Burks,SG,CLE/SAC/UTAH,64,21.5,-1.43,-2.02,-3.45,-0.29,http://www.espn.com/nba/player/_/id/6429/alec-burks
28,469,Edmond Sumner,PG,IND,23,9.1,-2.98,-0.47,-3.45,-0.04,http://www.espn.com/nba/player/_/id/3136485/edmond-sumner
29,470,JaMychal Green,PF,LAC/MEM,65,21.1,-1.87,-1.65,-3.52,-0.34,http://www.espn.com/nba/player/_/id/2327577/jamychal-green
30,471,Dairis Bertans,SG,NO,12,13.9,-2.49,-1.03,-3.52,-0.04,http://www.espn.com/nba/player/_/id/2585637/dairis-bertans
31,472,Jordan Bell,PF,GS,68,11.6,-3.31,-0.22,-3.53,-0.20,http://www.espn.com/nba/player/_/id/3064427/jordan-bell
32,473,Wes Iwundu,SF,ORL,68,18.1,-3.67,0.13,-3.54,-0.31,http://www.espn.com/nba/player/_/id/3074797/wes-iwundu
33,474,Josh Jackson,SF,PHX,79,25.2,-2.24,-1.32,-3.56,-0.54,http://www.espn.com/nba/player/_/id/4066297/josh-jackson
34,475,OG Anunoby,SF,TOR,67,20.2,-2.44,-1.14,-3.58,-0.39,http://www.espn.com/nba/player/_/id/3934719/og-anunoby
35,476,Rajon Rondo,PG,LAL,46,29.8,-2.21,-1.43,-3.64,-0.46,http://www.espn.com/nba/player/_/id/3026/rajon-rondo
36,477,Jacob Evans,SG,GS,30,6.8,-2.85,-0.79,-3.64,-0.06,http://www.espn.com/nba/player/_/id/3934621/jacob-evans
37,478,Wade Baldwin IV,G,POR,16,5.9,-2.58,-1.08,-3.66,-0.03,http://www.espn.com/nba/player/_/id/3136696/wade-baldwin-iv
38,479,Marvin Bagley III,PF,SAC,62,25.3,-1.31,-2.36,-3.67,-0.56,http://www.espn.com/nba/player/_/id/4277848/marvin-bagley-iii
39,480,Cameron Payne,G,CHI/CLE,40,17.8,-1.36,-2.36,-3.72,-0.27,http://www.espn.com/nba/player/_/id/3064230/cameron-payne
0,481,Ian Clark,SG,NO,60,16.2,-1.74,-1.99,-3.73,-0.38,http://www.espn.com/nba/player/_/id/2489785/ian-clark
1,482,Brandon Knight,PG,CLE/HOU,39,18.9,-2.44,-1.32,-3.76,-0.30,http://www.espn.com/nba/player/_/id/6448/brandon-knight
2,483,Lance Thomas,SF,NY,46,17.0,-4.62,0.83,-3.79,-0.32,http://www.espn.com/nba/player/_/id/6485/lance-thomas
3,484,Solomon Hill,SF,NO,44,20.0,-2.66,-1.13,-3.79,-0.37,http://www.espn.com/nba/player/_/id/2488958/solomon-hill
4,485,Devonte' Graham,PG,CHA,46,14.7,-2.13,-1.68,-3.81,-0.29,http://www.espn.com/nba/player/_/id/3133601/devonte'-graham
5,486,Dragan Bender,PF,PHX,46,18.0,-3.24,-0.69,-3.93,-0.41,http://www.espn.com/nba/player/_/id/4011991/dragan-bender
6,487,Quinn Cook,PG,GS,74,14.3,-0.57,-3.39,-3.96,-0.55,http://www.espn.com/nba/player/_/id/2566745/quinn-cook
7,488,Allonzo Trier,SG,NY,64,22.8,-1.72,-2.27,-3.99,-0.79,http://www.espn.com/nba/player/_/id/3907525/allonzo-trier
8,489,Cedi Osman,SF,CLE,76,32.2,-0.41,-3.59,-4.00,-1.36,http://www.espn.com/nba/player/_/id/3893016/cedi-osman
9,490,Omari Spellman,PF,ATL,46,17.5,-2.30,-1.70,-4.00,-0.48,http://www.espn.com/nba/player/_/id/4065836/omari-spellman
10,491,Hamidou Diallo,SG,OKC,51,10.3,-2.67,-1.39,-4.06,-0.32,http://www.espn.com/nba/player/_/id/4080610/hamidou-diallo
11,492,Abdel Nader,SF,OKC,61,11.4,-3.56,-0.68,-4.24,-0.50,http://www.espn.com/nba/player/_/id/2595435/abdel-nader
12,493,Wesley Johnson,SF,NO/WSH,38,14.1,-3.66,-0.59,-4.25,-0.39,http://www.espn.com/nba/player/_/id/4247/wesley-johnson
13,494,Patrick Patterson,PF,OKC,63,13.7,-3.10,-1.15,-4.25,-0.63,http://www.espn.com/nba/player/_/id/4264/patrick-patterson
14,495,Cristiano Felicio,PF,CHI,60,12.4,-2.74,-1.60,-4.34,-0.55,http://www.espn.com/nba/player/_/id/3113587/cristiano-felicio
15,496,Shelvin Mack,PG,MEM/CHA,57,21.9,-2.15,-2.25,-4.40,-0.97,http://www.espn.com/nba/player/_/id/6454/shelvin-mack
16,497,Will Barton,SG,DEN,43,27.7,-2.47,-1.95,-4.42,-0.98,http://www.espn.com/nba/player/_/id/6579/will-barton
17,498,Frank Mason III,PG,SAC,38,11.4,-2.22,-2.24,-4.46,-0.38,http://www.espn.com/nba/player/_/id/3059315/frank-mason-iii
18,499,Frank Jackson,PG,NO,61,19.2,-1.95,-2.58,-4.53,-1.07,http://www.espn.com/nba/player/_/id/4065651/frank-jackson
19,500,Mo Bamba,C,ORL,47,16.3,-4.35,-0.22,-4.57,-0.70,http://www.espn.com/nba/player/_/id/4277919/mo-bamba
20,501,Jose Calderon,PG,DET,49,12.9,-3.59,-1.05,-4.64,-0.59,http://www.espn.com/nba/player/_/id/2806/jose-calderon
21,502,Elie Okobo,PG,PHX,53,18.1,-3.00,-1.67,-4.67,-0.92,http://www.espn.com/nba/player/_/id/4230550/elie-okobo
22,503,Jonathon Simmons,SF,ORL/PHI,56,19.0,-3.42,-1.43,-4.85,-1.17,http://www.espn.com/nba/player/_/id/2579466/jonathon-simmons
23,504,Nik Stauskas,SG,CLE/POR,68,14.9,-2.14,-2.91,-5.05,-1.18,http://www.espn.com/nba/player/_/id/2991042/nik-stauskas
24,505,Frank Ntilikina,PG,NY,43,21.0,-3.72,-1.37,-5.09,-1.15,http://www.espn.com/nba/player/_/id/4230547/frank-ntilikina
25,506,Wayne Selden,SG,CHI/MEM,75,19.2,-2.18,-2.96,-5.14,-1.79,http://www.espn.com/nba/player/_/id/3059316/wayne-selden
26,507,Timothe Luwawu-Cabarrot,SG,CHI/OKC,50,13.4,-3.26,-2.01,-5.27,-0.91,http://www.espn.com/nba/player/_/id/3893019/timothe-luwawu-cabarrot
27,508,Collin Sexton,PG,CLE,82,31.8,-0.70,-4.64,-5.34,-3.64,http://www.espn.com/nba/player/_/id/4277811/collin-sexton
28,509,Jerryd Bayless,PG,MIN,34,19.3,-2.55,-2.85,-5.40,-0.93,http://www.espn.com/nba/player/_/id/3417/jerryd-bayless
29,510,Grayson Allen,SG,UTAH,38,10.9,-2.73,-2.72,-5.45,-0.63,http://www.espn.com/nba/player/_/id/3135045/grayson-allen
30,511,Jamal Crawford,SG,PHX,64,18.9,-1.74,-3.93,-5.67,-1.95,http://www.espn.com/nba/player/_/id/165/jamal-crawford
31,512,Marquese Chriss,PF,CLE/HOU,43,11.6,-4.26,-1.49,-5.75,-0.81,http://www.espn.com/nba/player/_/id/3907487/marquese-chriss
32,513,Antonio Blakeney,SG,CHI,57,14.5,-2.64,-3.19,-5.83,-1.42,http://www.espn.com/nba/player/_/id/3907386/antonio-blakeney
33,514,Kevin Knox,SF,NY,75,28.8,-3.01,-4.43,-7.44,-5.90,http://www.espn.com/nba/player/_/id/4278075/kevin-knox
