"Name","Company","State","City","Salary","Location","Url"
"Senior RF (Radio Frequency) Engineer","","AZ","Chandler","","Chandler, AZ","https://www.glassdoor.com/partner/jobListing.htm?pos=101&ao=373043&s=149&guid=0000016b6cebe57183b213579a30c1b8&src=GD_JOB_AD&t=SRFJ&extid=4&exst=OL&ist=&ast=OL&vt=w&slr=true&cs=1_5cd2ddca&cb=1560900528019&jobListingId=2948678626"
"Telecommunications Engineer","","AZ","Phoenix","","Phoenix, AZ","https://www.glassdoor.com/partner/jobListing.htm?pos=101&ao=653136&s=58&guid=0000016b6cebe571911e5b554c811da2&src=GD_JOB_AD&t=SR&extid=1&exst=OL&ist=&ast=OL&vt=w&slr=true&cs=1_46cd5858&cb=1560900528020&jobListingId=3246875297"
"Unified Communications Engineer","","AZ","Phoenix","","Phoenix, AZ","https://www.glassdoor.com/partner/jobListing.htm?pos=102&ao=690070&s=58&guid=0000016b6cebe571911e5b554c811da2&src=GD_JOB_AD&t=SR&extid=1&exst=OL&ist=&ast=OL&vt=w&slr=true&ea=1&cs=1_4d7db638&cb=1560900528021&jobListingId=3239876211"
"Telecom Engineer","","AZ","Phoenix","","Phoenix, AZ","https://www.glassdoor.com/partner/jobListing.htm?pos=103&ao=690070&s=58&guid=0000016b6cebe571911e5b554c811da2&src=GD_JOB_AD&t=SR&extid=1&exst=OL&ist=&ast=OL&vt=w&slr=true&ea=1&cs=1_c4e4d00d&cb=1560900528022&jobListingId=3239831458"
"RF Drive Test Engineer","","AZ","Phoenix","","Phoenix, AZ","https://www.glassdoor.com/partner/jobListing.htm?pos=104&ao=389273&s=58&guid=0000016b6cebe571911e5b554c811da2&src=GD_JOB_AD&t=SR&extid=1&exst=OL&ist=&ast=OL&vt=w&slr=true&ea=1&cs=1_3c8f38ea&cb=1560900528023&jobListingId=3263673223"
"RF Engineer","","AZ","Phoenix","","Phoenix, AZ","https://www.glassdoor.com/partner/jobListing.htm?pos=105&ao=142359&s=58&guid=0000016b6cebe571911e5b554c811da2&src=GD_JOB_AD&t=SR&extid=1&exst=OL&ist=&ast=OL&vt=w&slr=true&cs=1_6b20b3d0&cb=1560900528024&jobListingId=3249252694"
"Entry Level RF Engineer Engineering Rotation Program","","AZ","Mesa","","Mesa, AZ","https://www.glassdoor.com/partner/jobListing.htm?pos=106&ao=588939&s=58&guid=0000016b6cebe571911e5b554c811da2&src=GD_JOB_AD&t=SR&extid=1&exst=OL&ist=&ast=OL&vt=w&slr=true&cs=1_cdb29b50&cb=1560900528025&jobListingId=3219689869"
"RF Design/Applications Engineer (Entry-Level)","","AZ","Mesa","","Mesa, AZ","https://www.glassdoor.com/partner/jobListing.htm?pos=107&ao=588939&s=58&guid=0000016b6cebe571911e5b554c811da2&src=GD_JOB_AD&t=SR&extid=1&exst=OL&ist=&ast=OL&vt=w&slr=true&cs=1_21fedd52&cb=1560900528026&jobListingId=3176966636"
"Test Lab, Quality, and Process Engineer - Heart Valve","","AZ","Phoenix","","Phoenix, AZ","https://www.glassdoor.com/partner/jobListing.htm?pos=108&ao=279399&s=58&guid=0000016b6cebe571911e5b554c811da2&src=GD_JOB_AD&t=SR&extid=1&exst=OL&ist=&ast=OL&vt=w&slr=true&cs=1_07ccac72&cb=1560900528027&jobListingId=3248140147"
"RF / Microwave Technician (5G RF Solutions)","","AZ","Mesa","","Mesa, AZ","https://www.glassdoor.com/partner/jobListing.htm?pos=109&ao=588939&s=58&guid=0000016b6cebe571911e5b554c811da2&src=GD_JOB_AD&t=SR&extid=1&exst=OL&ist=&ast=OL&vt=w&slr=true&cs=1_f564f309&cb=1560900528029&jobListingId=3196168487"
"RF Engineer III","","AZ","Phoenix","","Phoenix, AZ","https://www.glassdoor.com/partner/jobListing.htm?pos=110&ao=4011&s=58&guid=0000016b6cebe571911e5b554c811da2&src=GD_JOB_AD&t=SR&extid=1&exst=OL&ist=&ast=OL&vt=w&slr=true&cs=1_282f7856&cb=1560900528030&jobListingId=2739766295"
"Applications Engineer","","AZ","Chandler","","Chandler, AZ","https://www.glassdoor.com/partner/jobListing.htm?pos=111&ao=133039&s=58&guid=0000016b6cebe571911e5b554c811da2&src=GD_JOB_AD&t=SR&extid=1&exst=OL&ist=&ast=OL&vt=w&slr=true&cs=1_739175f6&cb=1560900528031&jobListingId=3269155714"
"Senior Analog / RF Engineer","","AZ","Tempe","","Tempe, AZ","https://www.glassdoor.com/partner/jobListing.htm?pos=112&ao=4120&s=58&guid=0000016b6cebe571911e5b554c811da2&src=GD_JOB_AD&t=SR&extid=1&exst=OL&ist=&ast=OL&vt=w&slr=true&cs=1_37e3c8e0&cb=1560900528031&jobListingId=3128961583"
"RF Designer - Entry Level","","AZ","Phoenix","","Phoenix, AZ","https://www.glassdoor.com/partner/jobListing.htm?pos=113&ao=4348&s=58&guid=0000016b6cebe571911e5b554c811da2&src=GD_JOB_AD&t=SR&extid=1&exst=OL&ist=&ast=OL&vt=w&slr=true&cs=1_b350150c&cb=1560900528032&jobListingId=3011480908"
"RF Test Engineer","","AZ","Chandler","","Chandler, AZ","https://www.glassdoor.com/partner/jobListing.htm?pos=114&ao=389273&s=58&guid=0000016b6cebe571911e5b554c811da2&src=GD_JOB_AD&t=SR&extid=1&exst=OL&ist=&ast=OL&vt=w&slr=true&ea=1&cs=1_2fa07676&cb=1560900528033&jobListingId=3254072228"
"Metrology Application Engineer V","","AZ","Phoenix","","Phoenix, AZ","https://www.glassdoor.com/partner/jobListing.htm?pos=115&ao=400784&s=58&guid=0000016b6cebe571911e5b554c811da2&src=GD_JOB_AD&t=SR&extid=1&exst=OL&ist=&ast=OL&vt=w&slr=true&cs=1_e5715ace&cb=1560900528034&jobListingId=3269035759"
"Wafer Inspection Applications Engineer V","","AZ","Phoenix","","Phoenix, AZ","https://www.glassdoor.com/partner/jobListing.htm?pos=116&ao=400784&s=58&guid=0000016b6cebe571911e5b554c811da2&src=GD_JOB_AD&t=SR&extid=1&exst=OL&ist=&ast=OL&vt=w&slr=true&cs=1_4bc886d0&cb=1560900528035&jobListingId=3269038542"
"Senior RF Engineer","","AZ","Phoenix","","Phoenix, AZ","https://www.glassdoor.com/partner/jobListing.htm?pos=117&ao=211113&s=58&guid=0000016b6cebe571911e5b554c811da2&src=GD_JOB_AD&t=SR&extid=1&exst=OL&ist=&ast=OL&vt=w&slr=true&cs=1_155c64d7&cb=1560900528036&jobListingId=3250797605"
"RF Engineer","","AZ","Tempe","","Tempe, AZ","https://www.glassdoor.com/partner/jobListing.htm?pos=118&ao=291820&s=58&guid=0000016b6cebe571911e5b554c811da2&src=GD_JOB_AD&t=SR&extid=1&exst=OL&ist=&ast=OL&vt=w&slr=true&cs=1_24ba51ad&cb=1560900528037&jobListingId=3269303551"
"RF/Microwave Test Engineer","","AZ","Tempe","","Tempe, AZ","https://www.glassdoor.com/partner/jobListing.htm?pos=119&ao=142359&s=58&guid=0000016b6cebe571911e5b554c811da2&src=GD_JOB_AD&t=SR&extid=1&exst=OL&ist=&ast=OL&vt=w&slr=true&cs=1_882f2a8f&cb=1560900528038&jobListingId=3236915010"
"5G RF Systems Engineer","","AZ","Mesa","","Mesa, AZ","https://www.glassdoor.com/partner/jobListing.htm?pos=120&ao=189299&s=58&guid=0000016b6cebe571911e5b554c811da2&src=GD_JOB_AD&t=SR&extid=1&exst=OL&ist=&ast=OL&vt=w&slr=true&cs=1_6d02ed9c&cb=1560900528039&jobListingId=3265193157"
"RF Engineer – Module Design","","AZ","Phoenix","","Phoenix, AZ","https://www.glassdoor.com/partner/jobListing.htm?pos=121&ao=142359&s=58&guid=0000016b6cebe571911e5b554c811da2&src=GD_JOB_AD&t=SR&extid=1&exst=OL&ist=&ast=OL&vt=w&slr=true&cs=1_ac3b6a11&cb=1560900528040&jobListingId=3263435443"
"Digital Signal Processing Engineer – RF Systems","","AZ","Phoenix","","Phoenix, AZ","https://www.glassdoor.com/partner/jobListing.htm?pos=122&ao=142359&s=58&guid=0000016b6cebe571911e5b554c811da2&src=GD_JOB_AD&t=SR&extid=1&exst=OL&ist=&ast=OL&vt=w&slr=true&cs=1_576aaf31&cb=1560900528041&jobListingId=3263425478"
"RF Engineer Module Design","","AZ","Phoenix","","Phoenix, AZ","https://www.glassdoor.com/partner/jobListing.htm?pos=123&ao=182894&s=58&guid=0000016b6cebe571911e5b554c811da2&src=GD_JOB_AD&t=SR&extid=1&exst=OL&ist=&ast=OL&vt=w&slr=true&cs=1_76890b23&cb=1560900528042&jobListingId=3265270871"
"RF Technician","","AZ","Tempe","","Tempe, AZ","https://www.glassdoor.com/partner/jobListing.htm?pos=124&ao=4120&s=58&guid=0000016b6cebe571911e5b554c811da2&src=GD_JOB_AD&t=SR&extid=1&exst=OL&ist=&ast=OL&vt=w&slr=true&cs=1_21f1edf2&cb=1560900528043&jobListingId=3089070639"
"Digital Signal Processing Engineer RF Systems","","AZ","Tempe","","Tempe, AZ","https://www.glassdoor.com/partner/jobListing.htm?pos=125&ao=352789&s=58&guid=0000016b6cebe571911e5b554c811da2&src=GD_JOB_AD&t=SR&extid=1&exst=OL&ist=&ast=OL&vt=w&slr=true&cs=1_e021ecc7&cb=1560900528044&jobListingId=3263506599"
"Digital Signal Processing Engineer RF Systems","","AZ","Phoenix","","Phoenix, AZ","https://www.glassdoor.com/partner/jobListing.htm?pos=126&ao=182894&s=58&guid=0000016b6cebe571911e5b554c811da2&src=GD_JOB_AD&t=SR&extid=1&exst=OL&ist=&ast=OL&vt=w&slr=true&cs=1_c87086ee&cb=1560900528045&jobListingId=3265269706"
"Applications Engineer","","AZ","Phoenix","","Phoenix, AZ","https://www.glassdoor.com/partner/jobListing.htm?pos=127&ao=389273&s=58&guid=0000016b6cebe571911e5b554c811da2&src=GD_JOB_AD&t=SR&extid=1&exst=OL&ist=&ast=OL&vt=w&slr=true&ea=1&cs=1_d8737624&cb=1560900528046&jobListingId=3236889963"
"Application Engineer/DevOps","","AZ","Tempe","","Tempe, AZ","https://www.glassdoor.com/partner/jobListing.htm?pos=128&ao=352788&s=58&guid=0000016b6cebe571911e5b554c811da2&src=GD_JOB_AD&t=SR&extid=1&exst=OL&ist=&ast=OL&vt=w&slr=true&cs=1_38b1ec5e&cb=1560900528047&jobListingId=3188958815"
"Application Engineer","","AZ","Scottsdale","","Scottsdale, AZ","https://www.glassdoor.com/partner/jobListing.htm?pos=129&ao=133123&s=58&guid=0000016b6cebe571911e5b554c811da2&src=GD_JOB_AD&t=SR&extid=1&exst=OL&ist=&ast=OL&vt=w&slr=true&cs=1_ca134eb3&cb=1560900528048&jobListingId=3269768979"
